tag_name;mess_id;my_vcc;block;ts_num;iccp_type;domain_name;flags;sbo_timeout;function
CN23P5126_CB06;N23P5126_CB06;EAST_MIDLANDS;1;5;Data_StateQTimeTag;global;;;ICCPtoOData_Data_StateQTimeTag(CN23P5126_CB06,N23P5126_CB06,1,OdataApi)
CN00G0038_CB405;N00G0038_CB405;EAST_MIDLANDS;1;4;Data_StateQTimeTag;global;;;ICCPtoOData_Data_StateQTimeTag(CN00G0038_CB405,N00G0038_CB405,1,OdataApi)
CN890044_1L5ANV;N890044_1L5ANV;EAST_MIDLANDS;1;8;Data_RealQTimeTag;global;;;ICCPtoOData_Data_RealQTimeTag(CN890044_1L5ANV,N890044_1L5ANV,1,OdataApi)
CN00G0038_132_IS204;N00G0038_132_IS204;EAST_MIDLANDS;1;4;Data_StateQTimeTag;global;;;ICCPtoOData_Data_StateQTimeTag(CN00G0038_132_IS204,N00G0038_132_IS204,1,OdataApi)
CS23196_AUTOMATION_EN;S23196_AUTOMATION_EN;EAST_MIDLANDS;1;6;Data_StateQTimeTag;global;;;ICCPtoOData_Data_StateQTimeTag(CS23196_AUTOMATION_EN,S23196_AUTOMATION_EN,1,OdataApi)
CN23P0372_ANA1;N23P0372_ANA1;EAST_MIDLANDS;1;7;Data_RealQTimeTag;global;;;ICCPtoOData_Data_RealQTimeTag(CN23P0372_ANA1,N23P0372_ANA1,1,OdataApi)
CN00G0038_HB280;N00G0038_HB280;EAST_MIDLANDS;1;4;Data_StateQTimeTag;global;;;ICCPtoOData_Data_StateQTimeTag(CN00G0038_HB280,N00G0038_HB280,1,OdataApi)
CN907046_03ANW;N907046_03ANW;EAST_MIDLANDS;1;7;Data_RealQTimeTag;global;;;ICCPtoOData_Data_RealQTimeTag(CN907046_03ANW,N907046_03ANW,1,OdataApi)
CALIAS_449523_r;ALIAS_449523_r;EAST_MIDLANDS;1;3;Data_StateQTimeTag;global;;;ICCPtoOData_Data_StateQTimeTag(CALIAS_449523_r,ALIAS_449523_r,1,OdataApi)
CN23P0094_7718;N23P0094_7718;EAST_MIDLANDS;1;9;Data_RealQTimeTag;global;;;ICCPtoOData_Data_RealQTimeTag(CN23P0094_7718,N23P0094_7718,1,OdataApi)
CS23200_ANM_MW_IMP_SP;S23200_ANM_MW_IMP_SP;EAST_MIDLANDS;5;1;REAL;POWERON_ZIVWB;;;
CALIAS_156678_H;ALIAS_156678_H;EAST_MIDLANDS;1;4;Data_StateQTimeTag;global;;;ICCPtoOData_Data_StateQTimeTag(CALIAS_156678_H,ALIAS_156678_H,1,OdataApi)
CN23P0369_ANA1;N23P0369_ANA1;EAST_MIDLANDS;1;9;Data_RealQTimeTag;global;;;ICCPtoOData_Data_RealQTimeTag(CN23P0369_ANA1,N23P0369_ANA1,1,OdataApi)
CS22889_AUTOMATION_EN;S22889_AUTOMATION_EN;EAST_MIDLANDS;1;6;Data_StateQTimeTag;global;;;ICCPtoOData_Data_StateQTimeTag(CS22889_AUTOMATION_EN,S22889_AUTOMATION_EN,1,OdataApi)
CN00G0038_IS124;N00G0038_IS124;EAST_MIDLANDS;1;5;Data_StateQTimeTag;global;;;ICCPtoOData_Data_StateQTimeTag(CN00G0038_IS124,N00G0038_IS124,1,OdataApi)
CS22889_LOCAL_MODE;S22889_LOCAL_MODE;EAST_MIDLANDS;1;6;Data_StateQTimeTag;global;;;ICCPtoOData_Data_StateQTimeTag(CS22889_LOCAL_MODE,S22889_LOCAL_MODE,1,OdataApi)
CN23P0112_ANC1;N23P0112_ANC1;EAST_MIDLANDS;1;7;Data_RealQTimeTag;global;;;ICCPtoOData_Data_RealQTimeTag(CN23P0112_ANC1,N23P0112_ANC1,1,OdataApi)
CN890044_HB2H0;N890044_HB2H0;EAST_MIDLANDS;1;3;Data_StateQTimeTag;global;;;ICCPtoOData_Data_StateQTimeTag(CN890044_HB2H0,N890044_HB2H0,1,OdataApi)
CN890044_2S0ANR_WBUR;N890044_2S0ANR;EAST_MIDLANDS;1;8;Data_RealQTimeTag;global;;;ICCPtoTWOOData_Data_RealQTimeTag(CN890044_2S0ANR_WBUR,N890044_2S0ANR_WBUR,N890044_2S0ANR_STAY,1,OdataApi)
CN23G0127_IS203;N23G0127_IS203;EAST_MIDLANDS;1;3;Data_StateQTimeTag;global;;;ICCPtoOData_Data_StateQTimeTag(CN23G0127_IS203,N23G0127_IS203,1,OdataApi)
CN907000_CB20;N907000_CB20;EAST_MIDLANDS;1;5;Data_StateQTimeTag;global;;;ICCPtoOData_Data_StateQTimeTag(CN907000_CB20,N907000_CB20,1,OdataApi)
CN23GA126_IS407;N23GA126_IS407;EAST_MIDLANDS;1;1;Data_StateQTimeTag;global;;;ICCPtoOData_Data_StateQTimeTag(CN23GA126_IS407,N23GA126_IS407,1,OdataApi)
CALIAS_2305514_O;ALIAS_2305514_O;EAST_MIDLANDS;1;2;Data_StateQTimeTag;global;;;ICCPtoOData_Data_StateQTimeTag(CALIAS_2305514_O,ALIAS_2305514_O,1,OdataApi)
CS22907_ANM_MVAR_IMP_SP;S22907_ANM_MVAR_IMP_SP;EAST_MIDLANDS;5;1;REAL;POWERON_ZIVWB;;;
CN23P0094_SDB001;N23P0094_SDB001;EAST_MIDLANDS;1;4;Data_StateQTimeTag;global;;;ICCPtoOData_Data_StateQTimeTag(CN23P0094_SDB001,N23P0094_SDB001,1,OdataApi)
CN51G3006_HB01;N51G3006_HB01;EAST_MIDLANDS;1;5;Data_StateQTimeTag;global;;;ICCPtoOData_Data_StateQTimeTag(CN51G3006_HB01,N51G3006_HB01,1,OdataApi)
CN907213_02ANW;N907213_02ANW;EAST_MIDLANDS;1;7;Data_RealQTimeTag;global;;;ICCPtoOData_Data_RealQTimeTag(CN907213_02ANW,N907213_02ANW,1,OdataApi)
CALIAS_2305644_O;ALIAS_2305644_O;EAST_MIDLANDS;1;2;Data_StateQTimeTag;global;;;ICCPtoOData_Data_StateQTimeTag(CALIAS_2305644_O,ALIAS_2305644_O,1,OdataApi)
CN44901_2090;N44901_2090;EAST_MIDLANDS;1;2;Data_StateQTimeTag;global;;;ICCPtoOData_Data_StateQTimeTag(CN44901_2090,N44901_2090,1,OdataApi)
CALIAS_157740_H;ALIAS_157740_H;EAST_MIDLANDS;1;4;Data_StateQTimeTag;global;;;ICCPtoOData_Data_StateQTimeTag(CALIAS_157740_H,ALIAS_157740_H,1,OdataApi)
CALIAS_4315386_w;ALIAS_4315386_w;EAST_MIDLANDS;1;3;Data_StateQTimeTag;global;;;ICCPtoOData_Data_StateQTimeTag(CALIAS_4315386_w,ALIAS_4315386_w,1,OdataApi)
CALIAS_1055632_H;ALIAS_1055632_H;EAST_MIDLANDS;1;3;Data_StateQTimeTag;global;;;ICCPtoOData_Data_StateQTimeTag(CALIAS_1055632_H,ALIAS_1055632_H,1,OdataApi)
CN23P0130_ANC5;N23P0130_ANC5;EAST_MIDLANDS;1;8;Data_RealQTimeTag;global;;;ICCPtoOData_Data_RealQTimeTag(CN23P0130_ANC5,N23P0130_ANC5,1,OdataApi)
CS22877_COMMS_FAIL;S22877_COMMS_FAIL;EAST_MIDLANDS;1;6;Data_StateQTimeTag;global;;;ICCPtoOData_Data_StateQTimeTag(CS22877_COMMS_FAIL,S22877_COMMS_FAIL,1,OdataApi)
CALIAS_32021_R;ALIAS_32021_R;EAST_MIDLANDS;1;7;Data_RealQTimeTag;global;;;ICCPtoOData_Data_RealQTimeTag(CALIAS_32021_R,ALIAS_32021_R,1,OdataApi)
CS22889_ANM_MVAR_IMP_SP;S22889_ANM_MVAR_IMP_SP;EAST_MIDLANDS;5;1;REAL;POWERON_ZIVWB;;;
CN890044_2L5ANW;N890044_2L5ANW;EAST_MIDLANDS;1;8;Data_RealQTimeTag;global;;;ICCPtoOData_Data_RealQTimeTag(CN890044_2L5ANW,N890044_2L5ANW,1,OdataApi)
CALIAS_449190_r;ALIAS_449190_r;EAST_MIDLANDS;1;8;Data_RealQTimeTag;global;;;ICCPtoOData_Data_RealQTimeTag(CALIAS_449190_r,ALIAS_449190_r,1,OdataApi)
CN23G0128_ANA2;N23G0128_ANA2;EAST_MIDLANDS;1;7;Data_RealQTimeTag;global;;;ICCPtoOData_Data_RealQTimeTag(CN23G0128_ANA2,N23G0128_ANA2,1,OdataApi)
CN890044_HB1L5;N890044_HB1L5;EAST_MIDLANDS;1;3;Data_StateQTimeTag;global;;;ICCPtoOData_Data_StateQTimeTag(CN890044_HB1L5,N890044_HB1L5,1,OdataApi)
CS22907_ANM_MW_EXP_SP;S22907_ANM_MW_EXP_SP;EAST_MIDLANDS;5;1;REAL;POWERON_ZIVWB;;;
CS22907_LOCAL_MODE;S22907_LOCAL_MODE;EAST_MIDLANDS;1;6;Data_StateQTimeTag;global;;;ICCPtoOData_Data_StateQTimeTag(CS22907_LOCAL_MODE,S22907_LOCAL_MODE,1,OdataApi)
CN23P0372_HB03;N23P0372_HB03;EAST_MIDLANDS;1;1;Data_StateQTimeTag;global;;;ICCPtoOData_Data_StateQTimeTag(CN23P0372_HB03,N23P0372_HB03,1,OdataApi)
CS22889_ANM_MVAR_FAILSAFE_IMP_SP;S22889_ANM_MVAR_FAILSAFE_IMP_SP;EAST_MIDLANDS;5;1;REAL;POWERON_ZIVWB;;;
CALIAS_37323_m;ALIAS_37323_m;EAST_MIDLANDS;1;9;Data_RealQTimeTag;global;;;ICCPtoOData_Data_RealQTimeTag(CALIAS_37323_m,ALIAS_37323_m,1,OdataApi)
CALIAS_449202_r;ALIAS_449202_r;EAST_MIDLANDS;1;3;Data_StateQTimeTag;global;;;ICCPtoOData_Data_StateQTimeTag(CALIAS_449202_r,ALIAS_449202_r,1,OdataApi)
CALIAS_2057268_E;ALIAS_2057268_E;EAST_MIDLANDS;1;9;Data_RealQTimeTag;global;;;ICCPtoOData_Data_RealQTimeTag(CALIAS_2057268_E,ALIAS_2057268_E,1,OdataApi)
CN00G0038_IS116;N00G0038_IS116;EAST_MIDLANDS;1;4;Data_StateQTimeTag;global;;;ICCPtoOData_Data_StateQTimeTag(CN00G0038_IS116,N00G0038_IS116,1,OdataApi)
CN00G0038_132_405ANV;N00G0038_132_405ANV;EAST_MIDLANDS;1;9;Data_RealQTimeTag;global;;;ICCPtoOData_Data_RealQTimeTag(CN00G0038_132_405ANV,N00G0038_132_405ANV,1,OdataApi)
CS22973_ANM_MW_EXP_SP;S22973_ANM_MW_EXP_SP;EAST_MIDLANDS;5;1;REAL;POWERON_ZIVWB;;;
CN00G0038_132_305ANV;N00G0038_132_305ANV;EAST_MIDLANDS;1;9;Data_RealQTimeTag;global;;;ICCPtoOData_Data_RealQTimeTag(CN00G0038_132_305ANV,N00G0038_132_305ANV,1,OdataApi)
CN00G0038_IS184;N00G0038_IS184;EAST_MIDLANDS;1;4;Data_StateQTimeTag;global;;;ICCPtoOData_Data_StateQTimeTag(CN00G0038_IS184,N00G0038_IS184,1,OdataApi)
CS23202_ANM_MW;S23202_ANM_MW;EAST_MIDLANDS;1;10;Data_RealQTimeTag;global;;;ICCPtoOData_Data_RealQTimeTag(CS23202_ANM_MW,S23202_ANM_MW,1,OdataApi)
CS22973_ANM_MVAR_FAILSAFE_IMP_SP;S22973_ANM_MVAR_FAILSAFE_IMP_SP;EAST_MIDLANDS;5;1;REAL;POWERON_ZIVWB;;;
CN23P0372_SW01;N23P0372_SW01;EAST_MIDLANDS;1;5;Data_StateQTimeTag;global;;;ICCPtoOData_Data_StateQTimeTag(CN23P0372_SW01,N23P0372_SW01,1,OdataApi)
CN23P0094_CB4L5;N23P0094_CB4L5;EAST_MIDLANDS;1;4;Data_StateQTimeTag;global;;;ICCPtoOData_Data_StateQTimeTag(CN23P0094_CB4L5,N23P0094_CB4L5,1,OdataApi)
CS22867_LOCAL_MODE;S22867_LOCAL_MODE;EAST_MIDLANDS;1;6;Data_StateQTimeTag;global;;;ICCPtoOData_Data_StateQTimeTag(CS22867_LOCAL_MODE,S22867_LOCAL_MODE,1,OdataApi)
CN900027_03ANV;N900027_03ANV;EAST_MIDLANDS;1;8;Data_RealQTimeTag;global;;;ICCPtoOData_Data_RealQTimeTag(CN900027_03ANV,N900027_03ANV,1,OdataApi)
CALIAS_217516_R;ALIAS_217516_R;EAST_MIDLANDS;1;9;Data_RealQTimeTag;global;;;ICCPtoOData_Data_RealQTimeTag(CALIAS_217516_R,ALIAS_217516_R,1,OdataApi)
CS22899_COMMS_FAIL;S22899_COMMS_FAIL;EAST_MIDLANDS;1;6;Data_StateQTimeTag;global;;;ICCPtoOData_Data_StateQTimeTag(CS22899_COMMS_FAIL,S22899_COMMS_FAIL,1,OdataApi)
CN00G0038_IS186;N00G0038_IS186;EAST_MIDLANDS;1;4;Data_StateQTimeTag;global;;;ICCPtoOData_Data_StateQTimeTag(CN00G0038_IS186,N00G0038_IS186,1,OdataApi)
CALIAS_717869_E;ALIAS_717869_E;EAST_MIDLANDS;1;1;Data_StateQTimeTag;global;;;ICCPtoOData_Data_StateQTimeTag(CALIAS_717869_E,ALIAS_717869_E,1,OdataApi)
CN00G0038_132_IS206;N00G0038_132_IS206;EAST_MIDLANDS;1;4;Data_StateQTimeTag;global;;;ICCPtoOData_Data_StateQTimeTag(CN00G0038_132_IS206,N00G0038_132_IS206,1,OdataApi)
CN906387_02ANR;N906387_02ANR;EAST_MIDLANDS;1;7;Data_RealQTimeTag;global;;;ICCPtoOData_Data_RealQTimeTag(CN906387_02ANR,N906387_02ANR,1,OdataApi)
CN23P0112_ANB9;N23P0112_ANB9;EAST_MIDLANDS;1;7;Data_RealQTimeTag;global;;;ICCPtoOData_Data_RealQTimeTag(CN23P0112_ANB9,N23P0112_ANB9,1,OdataApi)
CN44901_7745;N44901_7745;EAST_MIDLANDS;1;8;Data_RealQTimeTag;global;;;ICCPtoOData_Data_RealQTimeTag(CN44901_7745,N44901_7745,1,OdataApi)
CN00G0038_IS384;N00G0038_IS384;EAST_MIDLANDS;1;5;Data_StateQTimeTag;global;;;ICCPtoOData_Data_StateQTimeTag(CN00G0038_IS384,N00G0038_IS384,1,OdataApi)
CN23P0090_CB06_33;N23P0090_CB06_33;EAST_MIDLANDS;1;3;Data_StateQTimeTag;global;;;ICCPtoOData_Data_StateQTimeTag(CN23P0090_CB06_33,N23P0090_CB06_33,1,OdataApi)
CALIAS_4247496_a;ALIAS_4247496_a;EAST_MIDLANDS;1;1;Data_StateQTimeTag;global;;;ICCPtoOData_Data_StateQTimeTag(CALIAS_4247496_a,ALIAS_4247496_a,1,OdataApi)
CN23P0112_CB01;N23P0112_CB01;EAST_MIDLANDS;1;1;Data_StateQTimeTag;global;;;ICCPtoOData_Data_StateQTimeTag(CN23P0112_CB01,N23P0112_CB01,1,OdataApi)
CN23P0090_CB32;N23P0090_CB32;EAST_MIDLANDS;1;3;Data_StateQTimeTag;global;;;ICCPtoOData_Data_StateQTimeTag(CN23P0090_CB32,N23P0090_CB32,1,OdataApi)
CN44901_7746;N44901_7746;EAST_MIDLANDS;1;7;Data_RealQTimeTag;global;;;ICCPtoOData_Data_RealQTimeTag(CN44901_7746,N44901_7746,1,OdataApi)
CS22973_ANM_MVAR_IMP_SP;S22973_ANM_MVAR_IMP_SP;EAST_MIDLANDS;5;1;REAL;POWERON_ZIVWB;;;
CS22899_ANM_MVAR_EXP_SP;S22899_ANM_MVAR_EXP_SP;EAST_MIDLANDS;5;1;REAL;POWERON_ZIVWB;;;
CS22877_ANM_MVAR_EXP_SP;S22877_ANM_MVAR_EXP_SP;EAST_MIDLANDS;5;1;REAL;POWERON_ZIVWB;;;
CN23P0125_ISN1;N23P0125_ISN1;EAST_MIDLANDS;1;1;Data_StateQTimeTag;global;;;ICCPtoOData_Data_StateQTimeTag(CN23P0125_ISN1,N23P0125_ISN1,1,OdataApi)
CN51P0078_ANA1;N51P0078_ANA1;EAST_MIDLANDS;1;9;Data_RealQTimeTag;global;;;ICCPtoOData_Data_RealQTimeTag(CN51P0078_ANA1,N51P0078_ANA1,1,OdataApi)
CS23202_ANM_MVAR_IMP_SP;S23202_ANM_MVAR_IMP_SP;EAST_MIDLANDS;5;1;REAL;POWERON_ZIVWB;;;
CALIAS_4272476_a;ALIAS_4272476_a;EAST_MIDLANDS;1;1;Data_StateQTimeTag;global;;;ICCPtoOData_Data_StateQTimeTag(CALIAS_4272476_a,ALIAS_4272476_a,1,OdataApi)
CN907046_CB02;N907046_CB02;EAST_MIDLANDS;1;1;Data_StateQTimeTag;global;;;ICCPtoOData_Data_StateQTimeTag(CN907046_CB02,N907046_CB02,1,OdataApi)
CN51P0057_CB01;N51P0057_CB01;EAST_MIDLANDS;1;2;Data_StateQTimeTag;global;;;ICCPtoOData_Data_StateQTimeTag(CN51P0057_CB01,N51P0057_CB01,1,OdataApi)
CALIAS_11974551_a;ALIAS_11974551_a;EAST_MIDLANDS;1;3;Data_StateQTimeTag;global;;;ICCPtoOData_Data_StateQTimeTag(CALIAS_11974551_a,ALIAS_11974551_a,1,OdataApi)
CN907046_CB03;N907046_CB03;EAST_MIDLANDS;1;1;Data_StateQTimeTag;global;;;ICCPtoOData_Data_StateQTimeTag(CN907046_CB03,N907046_CB03,1,OdataApi)
CS23202_ANM_MVAR_FAILSAFE_IMP_SP;S23202_ANM_MVAR_FAILSAFE_IMP_SP;EAST_MIDLANDS;5;1;REAL;POWERON_ZIVWB;;;
CS23196_ANM_MVAR_EXP_SP;S23196_ANM_MVAR_EXP_SP;EAST_MIDLANDS;5;1;REAL;POWERON_ZIVWB;;;
CN51G0039_CB220_WBUR;N51G0039_CB220;EAST_MIDLANDS;1;1;Data_StateQTimeTag;global;;;ICCPtoTWOOData_Data_StateQTimeTag(CN51G0039_CB220_WBUR,N51G0039_CB220_WBUR,N51G0039_CB220_STAY,1,OdataApi)
CALIAS_48689_m;ALIAS_48689_m;EAST_MIDLANDS;1;9;Data_RealQTimeTag;global;;;ICCPtoOData_Data_RealQTimeTag(CALIAS_48689_m,ALIAS_48689_m,1,OdataApi)
CALIAS_163840_m;ALIAS_163840_m;EAST_MIDLANDS;1;3;Data_StateQTimeTag;global;;;ICCPtoOData_Data_StateQTimeTag(CALIAS_163840_m,ALIAS_163840_m,1,OdataApi)
CN44901_7753;N44901_7753;EAST_MIDLANDS;1;10;Data_RealQTimeTag;global;;;ICCPtoOData_Data_RealQTimeTag(CN44901_7753,N44901_7753,1,OdataApi)
CALIAS_449189_r;ALIAS_449189_r;EAST_MIDLANDS;1;8;Data_RealQTimeTag;global;;;ICCPtoOData_Data_RealQTimeTag(CALIAS_449189_r,ALIAS_449189_r,1,OdataApi)
CN23P0124_CB01;N23P0124_CB01;EAST_MIDLANDS;1;3;Data_StateQTimeTag;global;;;ICCPtoOData_Data_StateQTimeTag(CN23P0124_CB01,N23P0124_CB01,1,OdataApi)
CS22930_ANM_MVAR_EXP_SP;S22930_ANM_MVAR_EXP_SP;EAST_MIDLANDS;5;1;REAL;POWERON_ZIVWB;;;
CALIAS_449376_r;ALIAS_449376_r;EAST_MIDLANDS;1;3;Data_StateQTimeTag;global;;;ICCPtoOData_Data_StateQTimeTag(CALIAS_449376_r,ALIAS_449376_r,1,OdataApi)
CN00G0038_IS114;N00G0038_IS114;EAST_MIDLANDS;1;4;Data_StateQTimeTag;global;;;ICCPtoOData_Data_StateQTimeTag(CN00G0038_IS114,N00G0038_IS114,1,OdataApi)
CN23P0123_CB01;N23P0123_CB01;EAST_MIDLANDS;1;3;Data_StateQTimeTag;global;;;ICCPtoOData_Data_StateQTimeTag(CN23P0123_CB01,N23P0123_CB01,1,OdataApi)
CN904540_7686_ANA;N904540_7686_ANA;EAST_MIDLANDS;1;7;Data_RealQTimeTag;global;;;ICCPtoOData_Data_RealQTimeTag(CN904540_7686_ANA,N904540_7686_ANA,1,OdataApi)
CS22867_ANM_MVAR_IMP_SP;S22867_ANM_MVAR_IMP_SP;EAST_MIDLANDS;5;1;REAL;POWERON_ZIVWB;;;
CN23P0112_SDT03;N23P0112_SDT03;EAST_MIDLANDS;1;1;Data_StateQTimeTag;global;;;ICCPtoOData_Data_StateQTimeTag(CN23P0112_SDT03,N23P0112_SDT03,1,OdataApi)
CN23P0090_ANB8;N23P0090_ANB8;EAST_MIDLANDS;1;8;Data_RealQTimeTag;global;;;ICCPtoOData_Data_RealQTimeTag(CN23P0090_ANB8,N23P0090_ANB8,1,OdataApi)
CS23200_SCADA_MODE;S23200_SCADA_MODE;EAST_MIDLANDS;1;6;Data_StateQTimeTag;global;;;ICCPtoOData_Data_StateQTimeTag(CS23200_SCADA_MODE,S23200_SCADA_MODE,1,OdataApi)
CN23G1126_HB08;N23G1126_HB08;EAST_MIDLANDS;1;2;Data_StateQTimeTag;global;;;ICCPtoOData_Data_StateQTimeTag(CN23G1126_HB08,N23G1126_HB08,1,OdataApi)
CN23G0128_ANA4;N23G0128_ANA4;EAST_MIDLANDS;1;7;Data_RealQTimeTag;global;;;ICCPtoOData_Data_RealQTimeTag(CN23G0128_ANA4,N23G0128_ANA4,1,OdataApi)
CN23GA126_IS113;N23GA126_IS113;EAST_MIDLANDS;1;2;Data_StateQTimeTag;global;;;ICCPtoOData_Data_StateQTimeTag(CN23GA126_IS113,N23GA126_IS113,1,OdataApi)
CN23G1126_HB10;N23G1126_HB10;EAST_MIDLANDS;1;2;Data_StateQTimeTag;global;;;ICCPtoOData_Data_StateQTimeTag(CN23G1126_HB10,N23G1126_HB10,1,OdataApi)
CS23196_ANM_MW;S23196_ANM_MW;EAST_MIDLANDS;1;10;Data_RealQTimeTag;global;;;ICCPtoOData_Data_RealQTimeTag(CS23196_ANM_MW,S23196_ANM_MW,1,OdataApi)
CN00G0038_IS126;N00G0038_IS126;EAST_MIDLANDS;1;4;Data_StateQTimeTag;global;;;ICCPtoOData_Data_StateQTimeTag(CN00G0038_IS126,N00G0038_IS126,1,OdataApi)
CN23P0112_ANB7;N23P0112_ANB7;EAST_MIDLANDS;1;7;Data_RealQTimeTag;global;;;ICCPtoOData_Data_RealQTimeTag(CN23P0112_ANB7,N23P0112_ANB7,1,OdataApi)
CN00G0038_IS128;N00G0038_IS128;EAST_MIDLANDS;1;5;Data_StateQTimeTag;global;;;ICCPtoOData_Data_StateQTimeTag(CN00G0038_IS128,N00G0038_IS128,1,OdataApi)
CS22877_ANM_MVAR_IMP_SP;S22877_ANM_MVAR_IMP_SP;EAST_MIDLANDS;5;1;REAL;POWERON_ZIVWB;;;
CALIAS_449191_r;ALIAS_449191_r;EAST_MIDLANDS;1;8;Data_RealQTimeTag;global;;;ICCPtoOData_Data_RealQTimeTag(CALIAS_449191_r,ALIAS_449191_r,1,OdataApi)
CALIAS_2899425_E;ALIAS_2899425_E;EAST_MIDLANDS;1;1;Data_StateQTimeTag;global;;;ICCPtoOData_Data_StateQTimeTag(CALIAS_2899425_E,ALIAS_2899425_E,1,OdataApi)
CS22973_AUTOMATION_EN;S22973_AUTOMATION_EN;EAST_MIDLANDS;1;6;Data_StateQTimeTag;global;;;ICCPtoOData_Data_StateQTimeTag(CS22973_AUTOMATION_EN,S22973_AUTOMATION_EN,1,OdataApi)
CALIAS_226180_m;ALIAS_226180_m;EAST_MIDLANDS;1;3;Data_StateQTimeTag;global;;;ICCPtoOData_Data_StateQTimeTag(CALIAS_226180_m,ALIAS_226180_m,1,OdataApi)
CN690078_IS124;N690078_IS124;EAST_MIDLANDS;1;5;Data_StateQTimeTag;global;;;ICCPtoOData_Data_StateQTimeTag(CN690078_IS124,N690078_IS124,1,OdataApi)
CN00G0041_ANA2;N00G0041_ANA2;EAST_MIDLANDS;1;9;Data_RealQTimeTag;global;;;ICCPtoOData_Data_RealQTimeTag(CN00G0041_ANA2,N00G0041_ANA2,1,OdataApi)
CALIAS_449403_r;ALIAS_449403_r;EAST_MIDLANDS;1;3;Data_StateQTimeTag;global;;;ICCPtoOData_Data_StateQTimeTag(CALIAS_449403_r,ALIAS_449403_r,1,OdataApi)
CALIAS_3448711_a;ALIAS_3448711_a;EAST_MIDLANDS;1;2;Data_StateQTimeTag;global;;;ICCPtoOData_Data_StateQTimeTag(CALIAS_3448711_a,ALIAS_3448711_a,1,OdataApi)
CALIAS_71729_p;ALIAS_71729_p;EAST_MIDLANDS;1;10;Data_RealQTimeTag;global;;;ICCPtoOData_Data_RealQTimeTag(CALIAS_71729_p,ALIAS_71729_p,1,OdataApi)
CS23196_LOCAL_MODE;S23196_LOCAL_MODE;EAST_MIDLANDS;1;5;Data_StateQTimeTag;global;;;ICCPtoOData_Data_StateQTimeTag(CS23196_LOCAL_MODE,S23196_LOCAL_MODE,1,OdataApi)
CS22930_ANM_MVAR_IMP_SP;S22930_ANM_MVAR_IMP_SP;EAST_MIDLANDS;5;1;REAL;POWERON_ZIVWB;;;
CS22877_AUTOMATION_EN;S22877_AUTOMATION_EN;EAST_MIDLANDS;1;6;Data_StateQTimeTag;global;;;ICCPtoOData_Data_StateQTimeTag(CS22877_AUTOMATION_EN,S22877_AUTOMATION_EN,1,OdataApi)
CN23P0112_CB20;N23P0112_CB20;EAST_MIDLANDS;1;1;Data_StateQTimeTag;global;;;ICCPtoOData_Data_StateQTimeTag(CN23P0112_CB20,N23P0112_CB20,1,OdataApi)
CN51G0039_IS403;N51G0039_IS403;EAST_MIDLANDS;1;1;Data_StateQTimeTag;global;;;ICCPtoOData_Data_StateQTimeTag(CN51G0039_IS403,N51G0039_IS403,1,OdataApi)
CALIAS_5897581_a;ALIAS_5897581_a;EAST_MIDLANDS;1;2;Data_StateQTimeTag;global;;;ICCPtoOData_Data_StateQTimeTag(CALIAS_5897581_a,ALIAS_5897581_a,1,OdataApi)
CALIAS_2305630_O;ALIAS_2305630_O;EAST_MIDLANDS;1;2;Data_StateQTimeTag;global;;;ICCPtoOData_Data_StateQTimeTag(CALIAS_2305630_O,ALIAS_2305630_O,1,OdataApi)
CALIAS_163861_m;ALIAS_163861_m;EAST_MIDLANDS;1;3;Data_StateQTimeTag;global;;;ICCPtoOData_Data_StateQTimeTag(CALIAS_163861_m,ALIAS_163861_m,1,OdataApi)
CN00G0038_IS383;N00G0038_IS383;EAST_MIDLANDS;1;5;Data_StateQTimeTag;global;;;ICCPtoOData_Data_StateQTimeTag(CN00G0038_IS383,N00G0038_IS383,1,OdataApi)
CALIAS_3823453_E;ALIAS_3823453_E;EAST_MIDLANDS;1;9;Data_RealQTimeTag;global;;;ICCPtoOData_Data_RealQTimeTag(CALIAS_3823453_E,ALIAS_3823453_E,1,OdataApi)
CALIAS_71727_p;ALIAS_71727_p;EAST_MIDLANDS;1;10;Data_RealQTimeTag;global;;;ICCPtoOData_Data_RealQTimeTag(CALIAS_71727_p,ALIAS_71727_p,1,OdataApi)
CN51P0079_ANA0;N51P0079_ANA0;EAST_MIDLANDS;1;9;Data_RealQTimeTag;global;;;ICCPtoOData_Data_RealQTimeTag(CN51P0079_ANA0,N51P0079_ANA0,1,OdataApi)
CS22899_ANM_MW;S22899_ANM_MW;EAST_MIDLANDS;1;10;Data_RealQTimeTag;global;;;ICCPtoOData_Data_RealQTimeTag(CS22899_ANM_MW,S22899_ANM_MW,1,OdataApi)
CN23P0124_ANA0;N23P0124_ANA0;EAST_MIDLANDS;1;9;Data_RealQTimeTag;global;;;ICCPtoOData_Data_RealQTimeTag(CN23P0124_ANA0,N23P0124_ANA0,1,OdataApi)
CN00G0038_132_205ANW;N00G0038_132_205ANW;EAST_MIDLANDS;1;9;Data_RealQTimeTag;global;;;ICCPtoOData_Data_RealQTimeTag(CN00G0038_132_205ANW,N00G0038_132_205ANW,1,OdataApi)
CN23P0123_ANB8;N23P0123_ANB8;EAST_MIDLANDS;1;8;Data_RealQTimeTag;global;;;ICCPtoOData_Data_RealQTimeTag(CN23P0123_ANB8,N23P0123_ANB8,1,OdataApi)
CS22907_COMMS_FAIL;S22907_COMMS_FAIL;EAST_MIDLANDS;1;6;Data_StateQTimeTag;global;;;ICCPtoOData_Data_StateQTimeTag(CS22907_COMMS_FAIL,S22907_COMMS_FAIL,1,OdataApi)
CN23P0125_ANA0;N23P0125_ANA0;EAST_MIDLANDS;1;9;Data_RealQTimeTag;global;;;ICCPtoOData_Data_RealQTimeTag(CN23P0125_ANA0,N23P0125_ANA0,1,OdataApi)
CALIAS_2613902_E;ALIAS_2613902_E;EAST_MIDLANDS;1;2;Data_StateQTimeTag;global;;;ICCPtoOData_Data_StateQTimeTag(CALIAS_2613902_E,ALIAS_2613902_E,1,OdataApi)
CS22907_ANM_MVAR_EXP_SP;S22907_ANM_MVAR_EXP_SP;EAST_MIDLANDS;5;1;REAL;POWERON_ZIVWB;;;
CN890044_2S0ANW_WBUR;N890044_2S0ANW;EAST_MIDLANDS;1;8;Data_RealQTimeTag;global;;;ICCPtoTWOOData_Data_RealQTimeTag(CN890044_2S0ANW_WBUR,N890044_2S0ANW_WBUR,N890044_2S0ANW_STAY,1,OdataApi)
CALIAS_749761_S;ALIAS_749761_S;EAST_MIDLANDS;1;3;Data_StateQTimeTag;global;;;ICCPtoOData_Data_StateQTimeTag(CALIAS_749761_S,ALIAS_749761_S,1,OdataApi)
CN00G0038_132_105ANR;N00G0038_132_105ANR;EAST_MIDLANDS;1;9;Data_RealQTimeTag;global;;;ICCPtoOData_Data_RealQTimeTag(CN00G0038_132_105ANR,N00G0038_132_105ANR,1,OdataApi)
CN23P0130_AND5;N23P0130_AND5;EAST_MIDLANDS;1;8;Data_RealQTimeTag;global;;;ICCPtoOData_Data_RealQTimeTag(CN23P0130_AND5,N23P0130_AND5,1,OdataApi)
CN23P0123_ANA9;N23P0123_ANA9;EAST_MIDLANDS;1;8;Data_RealQTimeTag;global;;;ICCPtoOData_Data_RealQTimeTag(CN23P0123_ANA9,N23P0123_ANA9,1,OdataApi)
CN23G0127_CB305;N23G0127_CB305;EAST_MIDLANDS;1;3;Data_StateQTimeTag;global;;;ICCPtoOData_Data_StateQTimeTag(CN23G0127_CB305,N23G0127_CB305,1,OdataApi)
CS23202_LOCAL_MODE;S23202_LOCAL_MODE;EAST_MIDLANDS;1;5;Data_StateQTimeTag;global;;;ICCPtoOData_Data_StateQTimeTag(CS23202_LOCAL_MODE,S23202_LOCAL_MODE,1,OdataApi)
CS22930_ANM_MVAR;S22930_ANM_MVAR;EAST_MIDLANDS;1;10;Data_RealQTimeTag;global;;;ICCPtoOData_Data_RealQTimeTag(CS22930_ANM_MVAR,S22930_ANM_MVAR,1,OdataApi)
CS22889_ANM_MW_FAILSAFE_IMP_SP;S22889_ANM_MW_FAILSAFE_IMP_SP;EAST_MIDLANDS;5;1;REAL;POWERON_ZIVWB;;;
CN23P0372_ANA5;N23P0372_ANA5;EAST_MIDLANDS;1;7;Data_RealQTimeTag;global;;;ICCPtoOData_Data_RealQTimeTag(CN23P0372_ANA5,N23P0372_ANA5,1,OdataApi)
CN51P0079_ANB3;N51P0079_ANB3;EAST_MIDLANDS;1;7;Data_RealQTimeTag;global;;;ICCPtoOData_Data_RealQTimeTag(CN51P0079_ANB3,N51P0079_ANB3,1,OdataApi)
CALIAS_6852426_a;ALIAS_6852426_a;EAST_MIDLANDS;1;3;Data_StateQTimeTag;global;;;ICCPtoOData_Data_StateQTimeTag(CALIAS_6852426_a,ALIAS_6852426_a,1,OdataApi)
CN907046_CB01;N907046_CB01;EAST_MIDLANDS;1;1;Data_StateQTimeTag;global;;;ICCPtoOData_Data_StateQTimeTag(CN907046_CB01,N907046_CB01,1,OdataApi)
CALIAS_2335057_O;ALIAS_2335057_O;EAST_MIDLANDS;1;2;Data_StateQTimeTag;global;;;ICCPtoOData_Data_StateQTimeTag(CALIAS_2335057_O,ALIAS_2335057_O,1,OdataApi)
CS23202_ANM_MW_IMP_SP;S23202_ANM_MW_IMP_SP;EAST_MIDLANDS;5;1;REAL;POWERON_ZIVWB;;;
CN44901_2083;N44901_2083;EAST_MIDLANDS;1;2;Data_StateQTimeTag;global;;;ICCPtoOData_Data_StateQTimeTag(CN44901_2083,N44901_2083,1,OdataApi)
CALIAS_1689293_E;ALIAS_1689293_E;EAST_MIDLANDS;1;2;Data_StateQTimeTag;global;;;ICCPtoOData_Data_StateQTimeTag(CALIAS_1689293_E,ALIAS_1689293_E,1,OdataApi)
CALIAS_2579969_E;ALIAS_2579969_E;EAST_MIDLANDS;1;7;Data_RealQTimeTag;global;;;ICCPtoOData_Data_RealQTimeTag(CALIAS_2579969_E,ALIAS_2579969_E,1,OdataApi)
CS23200_ANM_MVAR_EXP_SP;S23200_ANM_MVAR_EXP_SP;EAST_MIDLANDS;5;1;REAL;POWERON_ZIVWB;;;
CN23P0130_CB05;N23P0130_CB05;EAST_MIDLANDS;1;3;Data_StateQTimeTag;global;;;ICCPtoOData_Data_StateQTimeTag(CN23P0130_CB05,N23P0130_CB05,1,OdataApi)
CALIAS_449172_r;ALIAS_449172_r;EAST_MIDLANDS;1;3;Data_StateQTimeTag;global;;;ICCPtoOData_Data_StateQTimeTag(CALIAS_449172_r,ALIAS_449172_r,1,OdataApi)
CN890044_HB1H0;N890044_HB1H0;EAST_MIDLANDS;1;3;Data_StateQTimeTag;global;;;ICCPtoOData_Data_StateQTimeTag(CN890044_HB1H0,N890044_HB1H0,1,OdataApi)
CN51P0079_CB01;N51P0079_CB01;EAST_MIDLANDS;1;1;Data_StateQTimeTag;global;;;ICCPtoOData_Data_StateQTimeTag(CN51P0079_CB01,N51P0079_CB01,1,OdataApi)
CS22930_ANM_MW_EXP_SP;S22930_ANM_MW_EXP_SP;EAST_MIDLANDS;5;1;REAL;POWERON_ZIVWB;;;
CN907556_CB01;N907556_CB01;EAST_MIDLANDS;1;1;Data_StateQTimeTag;global;;;ICCPtoOData_Data_StateQTimeTag(CN907556_CB01,N907556_CB01,1,OdataApi)
CN907046_03ANV;N907046_03ANV;EAST_MIDLANDS;1;7;Data_RealQTimeTag;global;;;ICCPtoOData_Data_RealQTimeTag(CN907046_03ANV,N907046_03ANV,1,OdataApi)
CN23G0127_ANA2;N23G0127_ANA2;EAST_MIDLANDS;1;8;Data_RealQTimeTag;global;;;ICCPtoOData_Data_RealQTimeTag(CN23G0127_ANA2,N23G0127_ANA2,1,OdataApi)
CN23G1126_ANA9;N23G1126_ANA9;EAST_MIDLANDS;1;10;Data_RealQTimeTag;global;;;ICCPtoOData_Data_RealQTimeTag(CN23G1126_ANA9,N23G1126_ANA9,1,OdataApi)
CS22907_AUTOMATION_EN;S22907_AUTOMATION_EN;EAST_MIDLANDS;1;6;Data_StateQTimeTag;global;;;ICCPtoOData_Data_StateQTimeTag(CS22907_AUTOMATION_EN,S22907_AUTOMATION_EN,1,OdataApi)
CS23202_COMMS_FAIL;S23202_COMMS_FAIL;EAST_MIDLANDS;1;5;Data_StateQTimeTag;global;;;ICCPtoOData_Data_StateQTimeTag(CS23202_COMMS_FAIL,S23202_COMMS_FAIL,1,OdataApi)
CALIAS_217521_R;ALIAS_217521_R;EAST_MIDLANDS;1;9;Data_RealQTimeTag;global;;;ICCPtoOData_Data_RealQTimeTag(CALIAS_217521_R,ALIAS_217521_R,1,OdataApi)
CN00G0038_132_405ANW;N00G0038_132_405ANW;EAST_MIDLANDS;1;9;Data_RealQTimeTag;global;;;ICCPtoOData_Data_RealQTimeTag(CN00G0038_132_405ANW,N00G0038_132_405ANW,1,OdataApi)
CALIAS_2305603_O;ALIAS_2305603_O;EAST_MIDLANDS;1;2;Data_StateQTimeTag;global;;;ICCPtoOData_Data_StateQTimeTag(CALIAS_2305603_O,ALIAS_2305603_O,1,OdataApi)
CS22877_ANM_MVAR_FAILSAFE_IMP_SP;S22877_ANM_MVAR_FAILSAFE_IMP_SP;EAST_MIDLANDS;5;1;REAL;POWERON_ZIVWB;;;
CN690078_203ANR;N690078_203ANR;EAST_MIDLANDS;1;10;Data_RealQTimeTag;global;;;ICCPtoOData_Data_RealQTimeTag(CN690078_203ANR,N690078_203ANR,1,OdataApi)
CALIAS_38595_m;ALIAS_38595_m;EAST_MIDLANDS;1;10;Data_RealQTimeTag;global;;;ICCPtoOData_Data_RealQTimeTag(CALIAS_38595_m,ALIAS_38595_m,1,OdataApi)
CN23P5126_7792;N23P5126_7792;EAST_MIDLANDS;1;7;Data_RealQTimeTag;global;;;ICCPtoOData_Data_RealQTimeTag(CN23P5126_7792,N23P5126_7792,1,OdataApi)
CALIAS_2258346_E;ALIAS_2258346_E;EAST_MIDLANDS;1;8;Data_RealQTimeTag;global;;;ICCPtoOData_Data_RealQTimeTag(CALIAS_2258346_E,ALIAS_2258346_E,1,OdataApi)
CN906387_02ANV;N906387_02ANV;EAST_MIDLANDS;1;7;Data_RealQTimeTag;global;;;ICCPtoOData_Data_RealQTimeTag(CN906387_02ANV,N906387_02ANV,1,OdataApi)
CALIAS_449167_r;ALIAS_449167_r;EAST_MIDLANDS;1;8;Data_RealQTimeTag;global;;;ICCPtoOData_Data_RealQTimeTag(CALIAS_449167_r,ALIAS_449167_r,1,OdataApi)
CS23196_ANM_MW_IMP_SP;S23196_ANM_MW_IMP_SP;EAST_MIDLANDS;5;1;REAL;POWERON_ZIVWB;;;
CS22930_COMMS_FAIL;S22930_COMMS_FAIL;EAST_MIDLANDS;1;6;Data_StateQTimeTag;global;;;ICCPtoOData_Data_StateQTimeTag(CS22930_COMMS_FAIL,S22930_COMMS_FAIL,1,OdataApi)
CALIAS_449335_r;ALIAS_449335_r;EAST_MIDLANDS;1;3;Data_StateQTimeTag;global;;;ICCPtoOData_Data_StateQTimeTag(CALIAS_449335_r,ALIAS_449335_r,1,OdataApi)
CN51G0039_CB120_WBUR;N51G0039_CB120;EAST_MIDLANDS;1;1;Data_StateQTimeTag;global;;;ICCPtoTWOOData_Data_StateQTimeTag(CN51G0039_CB120_WBUR,N51G0039_CB120_WBUR,N51G0039_CB120_STAY,1,OdataApi)
CALIAS_1240824_E;ALIAS_1240824_E;EAST_MIDLANDS;1;4;Data_StateQTimeTag;global;;;ICCPtoOData_Data_StateQTimeTag(CALIAS_1240824_E,ALIAS_1240824_E,1,OdataApi)
CN23G0127_ANA1;N23G0127_ANA1;EAST_MIDLANDS;1;8;Data_RealQTimeTag;global;;;ICCPtoOData_Data_RealQTimeTag(CN23G0127_ANA1,N23G0127_ANA1,1,OdataApi)
CALIAS_449105_r;ALIAS_449105_r;EAST_MIDLANDS;1;8;Data_RealQTimeTag;global;;;ICCPtoOData_Data_RealQTimeTag(CALIAS_449105_r,ALIAS_449105_r,1,OdataApi)
CN23G1126_ANA6;N23G1126_ANA6;EAST_MIDLANDS;1;10;Data_RealQTimeTag;global;;;ICCPtoOData_Data_RealQTimeTag(CN23G1126_ANA6,N23G1126_ANA6,1,OdataApi)
CN44901_2088;N44901_2088;EAST_MIDLANDS;1;2;Data_StateQTimeTag;global;;;ICCPtoOData_Data_StateQTimeTag(CN44901_2088,N44901_2088,1,OdataApi)
CALIAS_4258516_a;ALIAS_4258516_a;EAST_MIDLANDS;1;1;Data_StateQTimeTag;global;;;ICCPtoOData_Data_StateQTimeTag(CALIAS_4258516_a,ALIAS_4258516_a,1,OdataApi)
CN51P0057_CB02;N51P0057_CB02;EAST_MIDLANDS;1;2;Data_StateQTimeTag;global;;;ICCPtoOData_Data_StateQTimeTag(CN51P0057_CB02,N51P0057_CB02,1,OdataApi)
CN900027_IS1H3;N900027_IS1H3;EAST_MIDLANDS;1;4;Data_StateQTimeTag;global;;;ICCPtoOData_Data_StateQTimeTag(CN900027_IS1H3,N900027_IS1H3,1,OdataApi)
CN44901_2080;N44901_2080;EAST_MIDLANDS;1;2;Data_StateQTimeTag;global;;;ICCPtoOData_Data_StateQTimeTag(CN44901_2080,N44901_2080,1,OdataApi)
CN890044_01ANL;N890044_01ANL;EAST_MIDLANDS;1;9;Data_RealQTimeTag;global;;;ICCPtoOData_Data_RealQTimeTag(CN890044_01ANL,N890044_01ANL,1,OdataApi)
CN00G0038_132_105ANV;N00G0038_132_105ANV;EAST_MIDLANDS;1;9;Data_RealQTimeTag;global;;;ICCPtoOData_Data_RealQTimeTag(CN00G0038_132_105ANV,N00G0038_132_105ANV,1,OdataApi)
CALIAS_3823452_E;ALIAS_3823452_E;EAST_MIDLANDS;1;9;Data_RealQTimeTag;global;;;ICCPtoOData_Data_RealQTimeTag(CALIAS_3823452_E,ALIAS_3823452_E,1,OdataApi)
CS22899_ANM_MVAR;S22899_ANM_MVAR;EAST_MIDLANDS;1;10;Data_RealQTimeTag;global;;;ICCPtoOData_Data_RealQTimeTag(CS22899_ANM_MVAR,S22899_ANM_MVAR,1,OdataApi)
CN690078_203ANW;N690078_203ANW;EAST_MIDLANDS;1;10;Data_RealQTimeTag;global;;;ICCPtoOData_Data_RealQTimeTag(CN690078_203ANW,N690078_203ANW,1,OdataApi)
CALIAS_4708907_E;ALIAS_4708907_E;EAST_MIDLANDS;1;7;Data_RealQTimeTag;global;;;ICCPtoOData_Data_RealQTimeTag(CALIAS_4708907_E,ALIAS_4708907_E,1,OdataApi)
CALIAS_4247551_a;ALIAS_4247551_a;EAST_MIDLANDS;1;1;Data_StateQTimeTag;global;;;ICCPtoOData_Data_StateQTimeTag(CALIAS_4247551_a,ALIAS_4247551_a,1,OdataApi)
CS22867_ANM_MW;S22867_ANM_MW;EAST_MIDLANDS;1;10;Data_RealQTimeTag;global;;;ICCPtoOData_Data_RealQTimeTag(CS22867_ANM_MW,S22867_ANM_MW,1,OdataApi)
CS22899_SCADA_MODE;S22899_SCADA_MODE;EAST_MIDLANDS;1;6;Data_StateQTimeTag;global;;;ICCPtoOData_Data_StateQTimeTag(CS22899_SCADA_MODE,S22899_SCADA_MODE,1,OdataApi)
CS23202_ANM_MVAR_EXP_SP;S23202_ANM_MVAR_EXP_SP;EAST_MIDLANDS;5;1;REAL;POWERON_ZIVWB;;;
CS23200_AUTOMATION_EN;S23200_AUTOMATION_EN;EAST_MIDLANDS;1;6;Data_StateQTimeTag;global;;;ICCPtoOData_Data_StateQTimeTag(CS23200_AUTOMATION_EN,S23200_AUTOMATION_EN,1,OdataApi)
CN23GA126_IS403;N23GA126_IS403;EAST_MIDLANDS;1;1;Data_StateQTimeTag;global;;;ICCPtoOData_Data_StateQTimeTag(CN23GA126_IS403,N23GA126_IS403,1,OdataApi)
CN23P5126_7795;N23P5126_7795;EAST_MIDLANDS;1;7;Data_RealQTimeTag;global;;;ICCPtoOData_Data_RealQTimeTag(CN23P5126_7795,N23P5126_7795,1,OdataApi)
CN23P0125_ANB0;N23P0125_ANB0;EAST_MIDLANDS;1;7;Data_RealQTimeTag;global;;;ICCPtoOData_Data_RealQTimeTag(CN23P0125_ANB0,N23P0125_ANB0,1,OdataApi)
CN23P0123_ANB0;N23P0123_ANB0;EAST_MIDLANDS;1;8;Data_RealQTimeTag;global;;;ICCPtoOData_Data_RealQTimeTag(CN23P0123_ANB0,N23P0123_ANB0,1,OdataApi)
CN906387_02ANW;N906387_02ANW;EAST_MIDLANDS;1;7;Data_RealQTimeTag;global;;;ICCPtoOData_Data_RealQTimeTag(CN906387_02ANW,N906387_02ANW,1,OdataApi)
CALIAS_4708917_E;ALIAS_4708917_E;EAST_MIDLANDS;1;9;Data_RealQTimeTag;global;;;ICCPtoOData_Data_RealQTimeTag(CALIAS_4708917_E,ALIAS_4708917_E,1,OdataApi)
CALIAS_449645_r;ALIAS_449645_r;EAST_MIDLANDS;1;3;Data_StateQTimeTag;global;;;ICCPtoOData_Data_StateQTimeTag(CALIAS_449645_r,ALIAS_449645_r,1,OdataApi)
CALIAS_4258481_a;ALIAS_4258481_a;EAST_MIDLANDS;1;1;Data_StateQTimeTag;global;;;ICCPtoOData_Data_StateQTimeTag(CALIAS_4258481_a,ALIAS_4258481_a,1,OdataApi)
CN890044_02ANL;N890044_02ANL;EAST_MIDLANDS;1;9;Data_RealQTimeTag;global;;;ICCPtoOData_Data_RealQTimeTag(CN890044_02ANL,N890044_02ANL,1,OdataApi)
CN23G1126_ANA7;N23G1126_ANA7;EAST_MIDLANDS;1;10;Data_RealQTimeTag;global;;;ICCPtoOData_Data_RealQTimeTag(CN23G1126_ANA7,N23G1126_ANA7,1,OdataApi)
CS23196_SCADA_MODE;S23196_SCADA_MODE;EAST_MIDLANDS;1;5;Data_StateQTimeTag;global;;;ICCPtoOData_Data_StateQTimeTag(CS23196_SCADA_MODE,S23196_SCADA_MODE,1,OdataApi)
CN00G0038_132_305ANR;N00G0038_132_305ANR;EAST_MIDLANDS;1;9;Data_RealQTimeTag;global;;;ICCPtoOData_Data_RealQTimeTag(CN00G0038_132_305ANR,N00G0038_132_305ANR,1,OdataApi)
CN00G0038_CB130;N00G0038_CB130;EAST_MIDLANDS;1;4;Data_StateQTimeTag;global;;;ICCPtoOData_Data_StateQTimeTag(CN00G0038_CB130,N00G0038_CB130,1,OdataApi)
CALIAS_449513_r;ALIAS_449513_r;EAST_MIDLANDS;1;8;Data_RealQTimeTag;global;;;ICCPtoOData_Data_RealQTimeTag(CALIAS_449513_r,ALIAS_449513_r,1,OdataApi)
CALIAS_217515_R;ALIAS_217515_R;EAST_MIDLANDS;1;9;Data_RealQTimeTag;global;;;ICCPtoOData_Data_RealQTimeTag(CALIAS_217515_R,ALIAS_217515_R,1,OdataApi)
CN51G3006_HB00;N51G3006_HB00;EAST_MIDLANDS;1;5;Data_StateQTimeTag;global;;;ICCPtoOData_Data_StateQTimeTag(CN51G3006_HB00,N51G3006_HB00,1,OdataApi)
CALIAS_4504199_E;ALIAS_4504199_E;EAST_MIDLANDS;1;5;Data_StateQTimeTag;global;;;ICCPtoOData_Data_StateQTimeTag(CALIAS_4504199_E,ALIAS_4504199_E,1,OdataApi)
CN23P0124_ANA8;N23P0124_ANA8;EAST_MIDLANDS;1;8;Data_RealQTimeTag;global;;;ICCPtoOData_Data_RealQTimeTag(CN23P0124_ANA8,N23P0124_ANA8,1,OdataApi)
CN00G0038_132_305ANW;N00G0038_132_305ANW;EAST_MIDLANDS;1;9;Data_RealQTimeTag;global;;;ICCPtoOData_Data_RealQTimeTag(CN00G0038_132_305ANW,N00G0038_132_305ANW,1,OdataApi)
CS23202_ANM_MVAR;S23202_ANM_MVAR;EAST_MIDLANDS;1;10;Data_RealQTimeTag;global;;;ICCPtoOData_Data_RealQTimeTag(CS23202_ANM_MVAR,S23202_ANM_MVAR,1,OdataApi)
CN00G0038_132_IS103;N00G0038_132_IS103;EAST_MIDLANDS;1;4;Data_StateQTimeTag;global;;;ICCPtoOData_Data_StateQTimeTag(CN00G0038_132_IS103,N00G0038_132_IS103,1,OdataApi)
CALIAS_156664_H;ALIAS_156664_H;EAST_MIDLANDS;1;4;Data_StateQTimeTag;global;;;ICCPtoOData_Data_StateQTimeTag(CALIAS_156664_H,ALIAS_156664_H,1,OdataApi)
CS23200_COMMS_FAIL;S23200_COMMS_FAIL;EAST_MIDLANDS;1;6;Data_StateQTimeTag;global;;;ICCPtoOData_Data_StateQTimeTag(CS23200_COMMS_FAIL,S23200_COMMS_FAIL,1,OdataApi)
CN907556_7686_ANA;N907556_7686_ANA;EAST_MIDLANDS;1;7;Data_RealQTimeTag;global;;;ICCPtoOData_Data_RealQTimeTag(CN907556_7686_ANA,N907556_7686_ANA,1,OdataApi)
CALIAS_1829011_E;ALIAS_1829011_E;EAST_MIDLANDS;1;5;Data_StateQTimeTag;global;;;ICCPtoOData_Data_StateQTimeTag(CALIAS_1829011_E,ALIAS_1829011_E,1,OdataApi)
CN00G0038_ANA0;N00G0038_ANA0;EAST_MIDLANDS;1;9;Data_RealQTimeTag;global;;;ICCPtoOData_Data_RealQTimeTag(CN00G0038_ANA0,N00G0038_ANA0,1,OdataApi)
CN51P0078_SDL03;N51P0078_SDL03;EAST_MIDLANDS;1;5;Data_StateQTimeTag;global;;;ICCPtoOData_Data_StateQTimeTag(CN51P0078_SDL03,N51P0078_SDL03,1,OdataApi)
CALIAS_449508_r;ALIAS_449508_r;EAST_MIDLANDS;1;8;Data_RealQTimeTag;global;;;ICCPtoOData_Data_RealQTimeTag(CALIAS_449508_r,ALIAS_449508_r,1,OdataApi)
CN23G1126_ANC0;N23G1126_ANC0;EAST_MIDLANDS;1;10;Data_RealQTimeTag;global;;;ICCPtoOData_Data_RealQTimeTag(CN23G1126_ANC0,N23G1126_ANC0,1,OdataApi)
CALIAS_2579967_E;ALIAS_2579967_E;EAST_MIDLANDS;1;7;Data_RealQTimeTag;global;;;ICCPtoOData_Data_RealQTimeTag(CALIAS_2579967_E,ALIAS_2579967_E,1,OdataApi)
CN23P0123_ANB2;N23P0123_ANB2;EAST_MIDLANDS;1;8;Data_RealQTimeTag;global;;;ICCPtoOData_Data_RealQTimeTag(CN23P0123_ANB2,N23P0123_ANB2,1,OdataApi)
CS22973_ANM_MW_IMP_SP;S22973_ANM_MW_IMP_SP;EAST_MIDLANDS;5;1;REAL;POWERON_ZIVWB;;;
CALIAS_449459_r;ALIAS_449459_r;EAST_MIDLANDS;1;3;Data_StateQTimeTag;global;;;ICCPtoOData_Data_StateQTimeTag(CALIAS_449459_r,ALIAS_449459_r,1,OdataApi)
CALIAS_449442_r;ALIAS_449442_r;EAST_MIDLANDS;1;3;Data_StateQTimeTag;global;;;ICCPtoOData_Data_StateQTimeTag(CALIAS_449442_r,ALIAS_449442_r,1,OdataApi)
CALIAS_38591_m;ALIAS_38591_m;EAST_MIDLANDS;1;10;Data_RealQTimeTag;global;;;ICCPtoOData_Data_RealQTimeTag(CALIAS_38591_m,ALIAS_38591_m,1,OdataApi)
CALIAS_4504223_E;ALIAS_4504223_E;EAST_MIDLANDS;1;3;Data_StateQTimeTag;global;;;ICCPtoOData_Data_StateQTimeTag(CALIAS_4504223_E,ALIAS_4504223_E,1,OdataApi)
CN900027_04ANR;N900027_04ANR;EAST_MIDLANDS;1;8;Data_RealQTimeTag;global;;;ICCPtoOData_Data_RealQTimeTag(CN900027_04ANR,N900027_04ANR,1,OdataApi)
CN23P0371_CB01;N23P0371_CB01;EAST_MIDLANDS;1;5;Data_StateQTimeTag;global;;;ICCPtoOData_Data_StateQTimeTag(CN23P0371_CB01,N23P0371_CB01,1,OdataApi)
CALIAS_796682_E;ALIAS_796682_E;EAST_MIDLANDS;1;2;Data_StateQTimeTag;global;;;ICCPtoOData_Data_StateQTimeTag(CALIAS_796682_E,ALIAS_796682_E,1,OdataApi)
CN907213_01ANR;N907213_01ANR;EAST_MIDLANDS;1;7;Data_RealQTimeTag;global;;;ICCPtoOData_Data_RealQTimeTag(CN907213_01ANR,N907213_01ANR,1,OdataApi)
CS22907_ANM_MW_FAILSAFE_IMP_SP;S22907_ANM_MW_FAILSAFE_IMP_SP;EAST_MIDLANDS;5;1;REAL;POWERON_ZIVWB;;;
CN23P0125_ISN2;N23P0125_ISN2;EAST_MIDLANDS;1;1;Data_StateQTimeTag;global;;;ICCPtoOData_Data_StateQTimeTag(CN23P0125_ISN2,N23P0125_ISN2,1,OdataApi)
CALIAS_3448671_a;ALIAS_3448671_a;EAST_MIDLANDS;1;2;Data_StateQTimeTag;global;;;ICCPtoOData_Data_StateQTimeTag(CALIAS_3448671_a,ALIAS_3448671_a,1,OdataApi)
CN51P0078_SDL01;N51P0078_SDL01;EAST_MIDLANDS;1;5;Data_StateQTimeTag;global;;;ICCPtoOData_Data_StateQTimeTag(CN51P0078_SDL01,N51P0078_SDL01,1,OdataApi)
CN44901_7747;N44901_7747;EAST_MIDLANDS;1;8;Data_RealQTimeTag;global;;;ICCPtoOData_Data_RealQTimeTag(CN44901_7747,N44901_7747,1,OdataApi)
CN00G0038_132_IS106;N00G0038_132_IS106;EAST_MIDLANDS;1;4;Data_StateQTimeTag;global;;;ICCPtoOData_Data_StateQTimeTag(CN00G0038_132_IS106,N00G0038_132_IS106,1,OdataApi)
CALIAS_1344262_I;ALIAS_1344262_I;EAST_MIDLANDS;1;7;Data_RealQTimeTag;global;;;ICCPtoOData_Data_RealQTimeTag(CALIAS_1344262_I,ALIAS_1344262_I,1,OdataApi)
CALIAS_2318347_E;ALIAS_2318347_E;EAST_MIDLANDS;1;7;Data_RealQTimeTag;global;;;ICCPtoOData_Data_RealQTimeTag(CALIAS_2318347_E,ALIAS_2318347_E,1,OdataApi)
CALIAS_4618787_E;ALIAS_4618787_E;EAST_MIDLANDS;1;1;Data_StateQTimeTag;global;;;ICCPtoOData_Data_StateQTimeTag(CALIAS_4618787_E,ALIAS_4618787_E,1,OdataApi)
CS22889_ANM_MW;S22889_ANM_MW;EAST_MIDLANDS;1;11;Data_RealQTimeTag;global;;;ICCPtoOData_Data_RealQTimeTag(CS22889_ANM_MW,S22889_ANM_MW,1,OdataApi)
CN23P0125_SDL01;N23P0125_SDL01;EAST_MIDLANDS;1;1;Data_StateQTimeTag;global;;;ICCPtoOData_Data_StateQTimeTag(CN23P0125_SDL01,N23P0125_SDL01,1,OdataApi)
CN00G0041_ANA1;N00G0041_ANA1;EAST_MIDLANDS;1;8;Data_RealQTimeTag;global;;;ICCPtoOData_Data_RealQTimeTag(CN00G0041_ANA1,N00G0041_ANA1,1,OdataApi)
CALIAS_157732_H;ALIAS_157732_H;EAST_MIDLANDS;1;4;Data_StateQTimeTag;global;;;ICCPtoOData_Data_StateQTimeTag(CALIAS_157732_H,ALIAS_157732_H,1,OdataApi)
CN23P0090_CB08_33;N23P0090_CB08_33;EAST_MIDLANDS;1;3;Data_StateQTimeTag;global;;;ICCPtoOData_Data_StateQTimeTag(CN23P0090_CB08_33,N23P0090_CB08_33,1,OdataApi)
CN890044_02ANV;N890044_02ANV;EAST_MIDLANDS;1;8;Data_RealQTimeTag;global;;;ICCPtoOData_Data_RealQTimeTag(CN890044_02ANV,N890044_02ANV,1,OdataApi)
CN23P0130_ANB5;N23P0130_ANB5;EAST_MIDLANDS;1;8;Data_RealQTimeTag;global;;;ICCPtoOData_Data_RealQTimeTag(CN23P0130_ANB5,N23P0130_ANB5,1,OdataApi)
CALIAS_1344261_I;ALIAS_1344261_I;EAST_MIDLANDS;1;7;Data_RealQTimeTag;global;;;ICCPtoOData_Data_RealQTimeTag(CALIAS_1344261_I,ALIAS_1344261_I,1,OdataApi)
CALIAS_4708915_E;ALIAS_4708915_E;EAST_MIDLANDS;1;9;Data_RealQTimeTag;global;;;ICCPtoOData_Data_RealQTimeTag(CALIAS_4708915_E,ALIAS_4708915_E,1,OdataApi)
CN23P0094_CB09;N23P0094_CB09;EAST_MIDLANDS;1;4;Data_StateQTimeTag;global;;;ICCPtoOData_Data_StateQTimeTag(CN23P0094_CB09,N23P0094_CB09,1,OdataApi)
CS22899_ANM_MW_EXP_SP;S22899_ANM_MW_EXP_SP;EAST_MIDLANDS;5;1;REAL;POWERON_ZIVWB;;;
CN23G0126_ANA3;N23G0126_ANA3;EAST_MIDLANDS;1;10;Data_RealQTimeTag;global;;;ICCPtoOData_Data_RealQTimeTag(CN23G0126_ANA3,N23G0126_ANA3,1,OdataApi)
CALIAS_1625042_E;ALIAS_1625042_E;EAST_MIDLANDS;1;2;Data_StateQTimeTag;global;;;ICCPtoOData_Data_StateQTimeTag(CALIAS_1625042_E,ALIAS_1625042_E,1,OdataApi)
CN23G1126_HB03;N23G1126_HB03;EAST_MIDLANDS;1;2;Data_StateQTimeTag;global;;;ICCPtoOData_Data_StateQTimeTag(CN23G1126_HB03,N23G1126_HB03,1,OdataApi)
CS23202_ANM_MW_FAILSAFE_IMP_SP;S23202_ANM_MW_FAILSAFE_IMP_SP;EAST_MIDLANDS;5;1;REAL;POWERON_ZIVWB;;;
CALIAS_2304917_O;ALIAS_2304917_O;EAST_MIDLANDS;1;2;Data_StateQTimeTag;global;;;ICCPtoOData_Data_StateQTimeTag(CALIAS_2304917_O,ALIAS_2304917_O,1,OdataApi)
CALIAS_1344317_I;ALIAS_1344317_I;EAST_MIDLANDS;1;7;Data_RealQTimeTag;global;;;ICCPtoOData_Data_RealQTimeTag(CALIAS_1344317_I,ALIAS_1344317_I,1,OdataApi)
CN23P0130_ANA0;N23P0130_ANA0;EAST_MIDLANDS;1;10;Data_RealQTimeTag;global;;;ICCPtoOData_Data_RealQTimeTag(CN23P0130_ANA0,N23P0130_ANA0,1,OdataApi)
CN00G0038_132_IS404;N00G0038_132_IS404;EAST_MIDLANDS;1;4;Data_StateQTimeTag;global;;;ICCPtoOData_Data_StateQTimeTag(CN00G0038_132_IS404,N00G0038_132_IS404,1,OdataApi)
CALIAS_2305873_O;ALIAS_2305873_O;EAST_MIDLANDS;1;2;Data_StateQTimeTag;global;;;ICCPtoOData_Data_StateQTimeTag(CALIAS_2305873_O,ALIAS_2305873_O,1,OdataApi)
CALIAS_575652_E;ALIAS_575652_E;EAST_MIDLANDS;1;2;Data_StateQTimeTag;global;;;ICCPtoOData_Data_StateQTimeTag(CALIAS_575652_E,ALIAS_575652_E,1,OdataApi)
CN23P0372_ANA0;N23P0372_ANA0;EAST_MIDLANDS;1;9;Data_RealQTimeTag;global;;;ICCPtoOData_Data_RealQTimeTag(CN23P0372_ANA0,N23P0372_ANA0,1,OdataApi)
CN23P0372_ANA4;N23P0372_ANA4;EAST_MIDLANDS;1;9;Data_RealQTimeTag;global;;;ICCPtoOData_Data_RealQTimeTag(CN23P0372_ANA4,N23P0372_ANA4,1,OdataApi)
CN51G3006_HBG2;N51G3006_HBG2;EAST_MIDLANDS;1;5;Data_StateQTimeTag;global;;;ICCPtoOData_Data_StateQTimeTag(CN51G3006_HBG2,N51G3006_HBG2,1,OdataApi)
CALIAS_266723_m;ALIAS_266723_m;EAST_MIDLANDS;1;3;Data_StateQTimeTag;global;;;ICCPtoOData_Data_StateQTimeTag(CALIAS_266723_m,ALIAS_266723_m,1,OdataApi)
CS22973_ANM_MVAR;S22973_ANM_MVAR;EAST_MIDLANDS;1;11;Data_RealQTimeTag;global;;;ICCPtoOData_Data_RealQTimeTag(CS22973_ANM_MVAR,S22973_ANM_MVAR,1,OdataApi)
CN690078_103ANR;N690078_103ANR;EAST_MIDLANDS;1;7;Data_RealQTimeTag;global;;;ICCPtoOData_Data_RealQTimeTag(CN690078_103ANR,N690078_103ANR,1,OdataApi)
CALIAS_4708916_E;ALIAS_4708916_E;EAST_MIDLANDS;1;9;Data_RealQTimeTag;global;;;ICCPtoOData_Data_RealQTimeTag(CALIAS_4708916_E,ALIAS_4708916_E,1,OdataApi)
CN23GA126_IS213;N23GA126_IS213;EAST_MIDLANDS;1;2;Data_StateQTimeTag;global;;;ICCPtoOData_Data_StateQTimeTag(CN23GA126_IS213,N23GA126_IS213,1,OdataApi)
CN23G1126_HB07;N23G1126_HB07;EAST_MIDLANDS;1;2;Data_StateQTimeTag;global;;;ICCPtoOData_Data_StateQTimeTag(CN23G1126_HB07,N23G1126_HB07,1,OdataApi)
CN907556_7684_ANA;N907556_7684_ANA;EAST_MIDLANDS;1;7;Data_RealQTimeTag;global;;;ICCPtoOData_Data_RealQTimeTag(CN907556_7684_ANA,N907556_7684_ANA,1,OdataApi)
CALIAS_163816_m;ALIAS_163816_m;EAST_MIDLANDS;1;3;Data_StateQTimeTag;global;;;ICCPtoOData_Data_StateQTimeTag(CALIAS_163816_m,ALIAS_163816_m,1,OdataApi)
CN23P5126_7793;N23P5126_7793;EAST_MIDLANDS;1;7;Data_RealQTimeTag;global;;;ICCPtoOData_Data_RealQTimeTag(CN23P5126_7793,N23P5126_7793,1,OdataApi)
CN51P0078_SDL02_WBUR;N51P0078_SDL02;EAST_MIDLANDS;1;5;Data_StateQTimeTag;global;;;ICCPtoTWOOData_Data_StateQTimeTag(CN51P0078_SDL02_WBUR,N51P0078_SDL02_WBUR,N51P0078_SDL02_CHES,1,OdataApi)
CN907213_HB01;N907213_HB01;EAST_MIDLANDS;1;1;Data_StateQTimeTag;global;;;ICCPtoOData_Data_StateQTimeTag(CN907213_HB01,N907213_HB01,1,OdataApi)
CS22930_ANM_MW_IMP_SP;S22930_ANM_MW_IMP_SP;EAST_MIDLANDS;5;1;REAL;POWERON_ZIVWB;;;
CN23P0123_ANB5;N23P0123_ANB5;EAST_MIDLANDS;1;8;Data_RealQTimeTag;global;;;ICCPtoOData_Data_RealQTimeTag(CN23P0123_ANB5,N23P0123_ANB5,1,OdataApi)
CS22867_ANM_MW_EXP_SP;S22867_ANM_MW_EXP_SP;EAST_MIDLANDS;5;1;REAL;POWERON_ZIVWB;;;
CN23G0127_IS103;N23G0127_IS103;EAST_MIDLANDS;1;3;Data_StateQTimeTag;global;;;ICCPtoOData_Data_StateQTimeTag(CN23G0127_IS103,N23G0127_IS103,1,OdataApi)
CN51G0039_IS303;N51G0039_IS303;EAST_MIDLANDS;1;1;Data_StateQTimeTag;global;;;ICCPtoOData_Data_StateQTimeTag(CN51G0039_IS303,N51G0039_IS303,1,OdataApi)
CALIAS_1240676_E;ALIAS_1240676_E;EAST_MIDLANDS;1;4;Data_StateQTimeTag;global;;;ICCPtoOData_Data_StateQTimeTag(CALIAS_1240676_E,ALIAS_1240676_E,1,OdataApi)
CN00G0038_132_IS406;N00G0038_132_IS406;EAST_MIDLANDS;1;4;Data_StateQTimeTag;global;;;ICCPtoOData_Data_StateQTimeTag(CN00G0038_132_IS406,N00G0038_132_IS406,1,OdataApi)
CS23200_ANM_MVAR;S23200_ANM_MVAR;EAST_MIDLANDS;1;10;Data_RealQTimeTag;global;;;ICCPtoOData_Data_RealQTimeTag(CS23200_ANM_MVAR,S23200_ANM_MVAR,1,OdataApi)
CALIAS_449511_r;ALIAS_449511_r;EAST_MIDLANDS;1;8;Data_RealQTimeTag;global;;;ICCPtoOData_Data_RealQTimeTag(CALIAS_449511_r,ALIAS_449511_r,1,OdataApi)
CN23P0112_SD01;N23P0112_SD01;EAST_MIDLANDS;1;1;Data_StateQTimeTag;global;;;ICCPtoOData_Data_StateQTimeTag(CN23P0112_SD01,N23P0112_SD01,1,OdataApi)
CN51P0079_ANB2;N51P0079_ANB2;EAST_MIDLANDS;1;7;Data_RealQTimeTag;global;;;ICCPtoOData_Data_RealQTimeTag(CN51P0079_ANB2,N51P0079_ANB2,1,OdataApi)
CS22973_SCADA_MODE;S22973_SCADA_MODE;EAST_MIDLANDS;1;6;Data_StateQTimeTag;global;;;ICCPtoOData_Data_StateQTimeTag(CS22973_SCADA_MODE,S22973_SCADA_MODE,1,OdataApi)
CN51P0078_CB01;N51P0078_CB01;EAST_MIDLANDS;1;5;Data_StateQTimeTag;global;;;ICCPtoOData_Data_StateQTimeTag(CN51P0078_CB01,N51P0078_CB01,1,OdataApi)
CALIAS_4618780_E;ALIAS_4618780_E;EAST_MIDLANDS;1;1;Data_StateQTimeTag;global;;;ICCPtoOData_Data_StateQTimeTag(CALIAS_4618780_E,ALIAS_4618780_E,1,OdataApi)
CN23P0123_CB02;N23P0123_CB02;EAST_MIDLANDS;1;3;Data_StateQTimeTag;global;;;ICCPtoOData_Data_StateQTimeTag(CN23P0123_CB02,N23P0123_CB02,1,OdataApi)
CALIAS_1616138_E;ALIAS_1616138_E;EAST_MIDLANDS;1;2;Data_StateQTimeTag;global;;;ICCPtoOData_Data_StateQTimeTag(CALIAS_1616138_E,ALIAS_1616138_E,1,OdataApi)
CN23P0112_CB02;N23P0112_CB02;EAST_MIDLANDS;1;1;Data_StateQTimeTag;global;;;ICCPtoOData_Data_StateQTimeTag(CN23P0112_CB02,N23P0112_CB02,1,OdataApi)
CN904540_7684_ANA;N904540_7684_ANA;EAST_MIDLANDS;1;7;Data_RealQTimeTag;global;;;ICCPtoOData_Data_RealQTimeTag(CN904540_7684_ANA,N904540_7684_ANA,1,OdataApi)
CS22899_ANM_MVAR_IMP_SP;S22899_ANM_MVAR_IMP_SP;EAST_MIDLANDS;5;1;REAL;POWERON_ZIVWB;;;
CALIAS_1828901_E;ALIAS_1828901_E;EAST_MIDLANDS;1;2;Data_StateQTimeTag;global;;;ICCPtoOData_Data_StateQTimeTag(CALIAS_1828901_E,ALIAS_1828901_E,1,OdataApi)
CALIAS_2318346_E;ALIAS_2318346_E;EAST_MIDLANDS;1;7;Data_RealQTimeTag;global;;;ICCPtoOData_Data_RealQTimeTag(CALIAS_2318346_E,ALIAS_2318346_E,1,OdataApi)
CS22867_ANM_MW_IMP_SP;S22867_ANM_MW_IMP_SP;EAST_MIDLANDS;5;1;REAL;POWERON_ZIVWB;;;
CN23P0123_ANB6;N23P0123_ANB6;EAST_MIDLANDS;1;8;Data_RealQTimeTag;global;;;ICCPtoOData_Data_RealQTimeTag(CN23P0123_ANB6,N23P0123_ANB6,1,OdataApi)
CN00G0038_132_IS306;N00G0038_132_IS306;EAST_MIDLANDS;1;4;Data_StateQTimeTag;global;;;ICCPtoOData_Data_StateQTimeTag(CN00G0038_132_IS306,N00G0038_132_IS306,1,OdataApi)
CALIAS_1689309_E;ALIAS_1689309_E;EAST_MIDLANDS;1;2;Data_StateQTimeTag;global;;;ICCPtoOData_Data_StateQTimeTag(CALIAS_1689309_E,ALIAS_1689309_E,1,OdataApi)
CN890044_BB1ANV;N890044_BB1ANV;EAST_MIDLANDS;1;8;Data_RealQTimeTag;global;;;ICCPtoOData_Data_RealQTimeTag(CN890044_BB1ANV,N890044_BB1ANV,1,OdataApi)
CN900027_IS2H3;N900027_IS2H3;EAST_MIDLANDS;1;4;Data_StateQTimeTag;global;;;ICCPtoOData_Data_StateQTimeTag(CN900027_IS2H3,N900027_IS2H3,1,OdataApi)
CS22907_ANM_MVAR_FAILSAFE_IMP_SP;S22907_ANM_MVAR_FAILSAFE_IMP_SP;EAST_MIDLANDS;5;1;REAL;POWERON_ZIVWB;;;
CALIAS_4504206_E;ALIAS_4504206_E;EAST_MIDLANDS;1;5;Data_StateQTimeTag;global;;;ICCPtoOData_Data_StateQTimeTag(CALIAS_4504206_E,ALIAS_4504206_E,1,OdataApi)
CS22867_ANM_MVAR;S22867_ANM_MVAR;EAST_MIDLANDS;1;10;Data_RealQTimeTag;global;;;ICCPtoOData_Data_RealQTimeTag(CS22867_ANM_MVAR,S22867_ANM_MVAR,1,OdataApi)
CS22877_ANM_MW_FAILSAFE_IMP_SP;S22877_ANM_MW_FAILSAFE_IMP_SP;EAST_MIDLANDS;5;1;REAL;POWERON_ZIVWB;;;
CALIAS_4272346_a;ALIAS_4272346_a;EAST_MIDLANDS;1;1;Data_StateQTimeTag;global;;;ICCPtoOData_Data_StateQTimeTag(CALIAS_4272346_a,ALIAS_4272346_a,1,OdataApi)
CALIAS_449543_r;ALIAS_449543_r;EAST_MIDLANDS;1;3;Data_StateQTimeTag;global;;;ICCPtoOData_Data_StateQTimeTag(CALIAS_449543_r,ALIAS_449543_r,1,OdataApi)
CN690078_103ANW;N690078_103ANW;EAST_MIDLANDS;1;7;Data_RealQTimeTag;global;;;ICCPtoOData_Data_RealQTimeTag(CN690078_103ANW,N690078_103ANW,1,OdataApi)
CALIAS_4504192_E;ALIAS_4504192_E;EAST_MIDLANDS;1;5;Data_StateQTimeTag;global;;;ICCPtoOData_Data_StateQTimeTag(CALIAS_4504192_E,ALIAS_4504192_E,1,OdataApi)
CN907556_7687_ANA;N907556_7687_ANA;EAST_MIDLANDS;1;7;Data_RealQTimeTag;global;;;ICCPtoOData_Data_RealQTimeTag(CN907556_7687_ANA,N907556_7687_ANA,1,OdataApi)
CS22973_LOCAL_MODE;S22973_LOCAL_MODE;EAST_MIDLANDS;1;6;Data_StateQTimeTag;global;;;ICCPtoOData_Data_StateQTimeTag(CS22973_LOCAL_MODE,S22973_LOCAL_MODE,1,OdataApi)
CS22907_SCADA_MODE;S22907_SCADA_MODE;EAST_MIDLANDS;1;6;Data_StateQTimeTag;global;;;ICCPtoOData_Data_StateQTimeTag(CS22907_SCADA_MODE,S22907_SCADA_MODE,1,OdataApi)
CN690078_IS103;N690078_IS103;EAST_MIDLANDS;1;1;Data_StateQTimeTag;global;;;ICCPtoOData_Data_StateQTimeTag(CN690078_IS103,N690078_IS103,1,OdataApi)
CN23P0090_CB02_33;N23P0090_CB02_33;EAST_MIDLANDS;1;3;Data_StateQTimeTag;global;;;ICCPtoOData_Data_StateQTimeTag(CN23P0090_CB02_33,N23P0090_CB02_33,1,OdataApi)
CALIAS_449533_r;ALIAS_449533_r;EAST_MIDLANDS;1;8;Data_RealQTimeTag;global;;;ICCPtoOData_Data_RealQTimeTag(CALIAS_449533_r,ALIAS_449533_r,1,OdataApi)
CALIAS_1240669_E;ALIAS_1240669_E;EAST_MIDLANDS;1;4;Data_StateQTimeTag;global;;;ICCPtoOData_Data_StateQTimeTag(CALIAS_1240669_E,ALIAS_1240669_E,1,OdataApi)
CS22867_SCADA_MODE;S22867_SCADA_MODE;EAST_MIDLANDS;1;6;Data_StateQTimeTag;global;;;ICCPtoOData_Data_StateQTimeTag(CS22867_SCADA_MODE,S22867_SCADA_MODE,1,OdataApi)
CALIAS_449509_r;ALIAS_449509_r;EAST_MIDLANDS;1;8;Data_RealQTimeTag;global;;;ICCPtoOData_Data_RealQTimeTag(CALIAS_449509_r,ALIAS_449509_r,1,OdataApi)
CN00G0041_ANA0;N00G0041_ANA0;EAST_MIDLANDS;1;9;Data_RealQTimeTag;global;;;ICCPtoOData_Data_RealQTimeTag(CN00G0041_ANA0,N00G0041_ANA0,1,OdataApi)
CN00G0038_CB105;N00G0038_CB105;EAST_MIDLANDS;1;4;Data_StateQTimeTag;global;;;ICCPtoOData_Data_StateQTimeTag(CN00G0038_CB105,N00G0038_CB105,1,OdataApi)
CS23200_LOCAL_MODE;S23200_LOCAL_MODE;EAST_MIDLANDS;1;6;Data_StateQTimeTag;global;;;ICCPtoOData_Data_StateQTimeTag(CS23200_LOCAL_MODE,S23200_LOCAL_MODE,1,OdataApi)
CN23G1126_HB09;N23G1126_HB09;EAST_MIDLANDS;1;2;Data_StateQTimeTag;global;;;ICCPtoOData_Data_StateQTimeTag(CN23G1126_HB09,N23G1126_HB09,1,OdataApi)
CN00G0038_IS226;N00G0038_IS226;EAST_MIDLANDS;1;4;Data_StateQTimeTag;global;;;ICCPtoOData_Data_StateQTimeTag(CN00G0038_IS226,N00G0038_IS226,1,OdataApi)
CN23P0125_SDT01;N23P0125_SDT01;EAST_MIDLANDS;1;1;Data_StateQTimeTag;global;;;ICCPtoOData_Data_StateQTimeTag(CN23P0125_SDT01,N23P0125_SDT01,1,OdataApi)
CN51P0079_CB02;N51P0079_CB02;EAST_MIDLANDS;1;1;Data_StateQTimeTag;global;;;ICCPtoOData_Data_StateQTimeTag(CN51P0079_CB02,N51P0079_CB02,1,OdataApi)
CALIAS_37324_m;ALIAS_37324_m;EAST_MIDLANDS;1;10;Data_RealQTimeTag;global;;;ICCPtoOData_Data_RealQTimeTag(CALIAS_37324_m,ALIAS_37324_m,1,OdataApi)
CS22907_ANM_MW;S22907_ANM_MW;EAST_MIDLANDS;1;10;Data_RealQTimeTag;global;;;ICCPtoOData_Data_RealQTimeTag(CS22907_ANM_MW,S22907_ANM_MW,1,OdataApi)
CN00G0038_132_IS104;N00G0038_132_IS104;EAST_MIDLANDS;1;4;Data_StateQTimeTag;global;;;ICCPtoOData_Data_StateQTimeTag(CN00G0038_132_IS104,N00G0038_132_IS104,1,OdataApi)
CALIAS_449358_r;ALIAS_449358_r;EAST_MIDLANDS;1;3;Data_StateQTimeTag;global;;;ICCPtoOData_Data_StateQTimeTag(CALIAS_449358_r,ALIAS_449358_r,1,OdataApi)
CN00G0038_IS386;N00G0038_IS386;EAST_MIDLANDS;1;4;Data_StateQTimeTag;global;;;ICCPtoOData_Data_StateQTimeTag(CN00G0038_IS386,N00G0038_IS386,1,OdataApi)
CALIAS_2318344_E;ALIAS_2318344_E;EAST_MIDLANDS;1;7;Data_RealQTimeTag;global;;;ICCPtoOData_Data_RealQTimeTag(CALIAS_2318344_E,ALIAS_2318344_E,1,OdataApi)
CS22930_ANM_MW;S22930_ANM_MW;EAST_MIDLANDS;1;10;Data_RealQTimeTag;global;;;ICCPtoOData_Data_RealQTimeTag(CS22930_ANM_MW,S22930_ANM_MW,1,OdataApi)
CN23P0090_CB18;N23P0090_CB18;EAST_MIDLANDS;1;3;Data_StateQTimeTag;global;;;ICCPtoOData_Data_StateQTimeTag(CN23P0090_CB18,N23P0090_CB18,1,OdataApi)
CN890044_2L5ANV;N890044_2L5ANV;EAST_MIDLANDS;1;8;Data_RealQTimeTag;global;;;ICCPtoOData_Data_RealQTimeTag(CN890044_2L5ANV,N890044_2L5ANV,1,OdataApi)
CN51P0057_ANC3;N51P0057_ANC3;EAST_MIDLANDS;1;9;Data_RealQTimeTag;global;;;ICCPtoOData_Data_RealQTimeTag(CN51P0057_ANC3,N51P0057_ANC3,1,OdataApi)
CN23G1126_HB12;N23G1126_HB12;EAST_MIDLANDS;1;2;Data_StateQTimeTag;global;;;ICCPtoOData_Data_StateQTimeTag(CN23G1126_HB12,N23G1126_HB12,1,OdataApi)
CN23P0124_CB02;N23P0124_CB02;EAST_MIDLANDS;1;3;Data_StateQTimeTag;global;;;ICCPtoOData_Data_StateQTimeTag(CN23P0124_CB02,N23P0124_CB02,1,OdataApi)
CN890044_1S0ANW_WBUR;N890044_1S0ANW;EAST_MIDLANDS;1;8;Data_RealQTimeTag;global;;;ICCPtoTWOOData_Data_RealQTimeTag(CN890044_1S0ANW_WBUR,N890044_1S0ANW_WBUR,N890044_1S0ANW_STAY,1,OdataApi)
CN23P0090_ANB6;N23P0090_ANB6;EAST_MIDLANDS;1;8;Data_RealQTimeTag;global;;;ICCPtoOData_Data_RealQTimeTag(CN23P0090_ANB6,N23P0090_ANB6,1,OdataApi)
CALIAS_1689301_E;ALIAS_1689301_E;EAST_MIDLANDS;1;2;Data_StateQTimeTag;global;;;ICCPtoOData_Data_StateQTimeTag(CALIAS_1689301_E,ALIAS_1689301_E,1,OdataApi)
CS22889_COMMS_FAIL;S22889_COMMS_FAIL;EAST_MIDLANDS;1;6;Data_StateQTimeTag;global;;;ICCPtoOData_Data_StateQTimeTag(CS22889_COMMS_FAIL,S22889_COMMS_FAIL,1,OdataApi)
CALIAS_449532_r;ALIAS_449532_r;EAST_MIDLANDS;1;8;Data_RealQTimeTag;global;;;ICCPtoOData_Data_RealQTimeTag(CALIAS_449532_r,ALIAS_449532_r,1,OdataApi)
CN23G1126_ANA8;N23G1126_ANA8;EAST_MIDLANDS;1;10;Data_RealQTimeTag;global;;;ICCPtoOData_Data_RealQTimeTag(CN23G1126_ANA8,N23G1126_ANA8,1,OdataApi)
CN00G0041_ANA3;N00G0041_ANA3;EAST_MIDLANDS;1;8;Data_RealQTimeTag;global;;;ICCPtoOData_Data_RealQTimeTag(CN00G0041_ANA3,N00G0041_ANA3,1,OdataApi)
CALIAS_2448083_E;ALIAS_2448083_E;EAST_MIDLANDS;1;10;Data_RealQTimeTag;global;;;ICCPtoOData_Data_RealQTimeTag(CALIAS_2448083_E,ALIAS_2448083_E,1,OdataApi)
CN51P0078_SDL04;N51P0078_SDL04;EAST_MIDLANDS;1;5;Data_StateQTimeTag;global;;;ICCPtoOData_Data_StateQTimeTag(CN51P0078_SDL04,N51P0078_SDL04,1,OdataApi)
CN23G1126_HB13;N23G1126_HB13;EAST_MIDLANDS;1;2;Data_StateQTimeTag;global;;;ICCPtoOData_Data_StateQTimeTag(CN23G1126_HB13,N23G1126_HB13,1,OdataApi)
CS22867_ANM_MVAR_EXP_SP;S22867_ANM_MVAR_EXP_SP;EAST_MIDLANDS;5;1;REAL;POWERON_ZIVWB;;;
CN906387_HB01;N906387_HB01;EAST_MIDLANDS;1;1;Data_StateQTimeTag;global;;;ICCPtoOData_Data_StateQTimeTag(CN906387_HB01,N906387_HB01,1,OdataApi)
CALIAS_4708908_E;ALIAS_4708908_E;EAST_MIDLANDS;1;7;Data_RealQTimeTag;global;;;ICCPtoOData_Data_RealQTimeTag(CALIAS_4708908_E,ALIAS_4708908_E,1,OdataApi)
CN23P0124_ANA1;N23P0124_ANA1;EAST_MIDLANDS;1;9;Data_RealQTimeTag;global;;;ICCPtoOData_Data_RealQTimeTag(CN23P0124_ANA1,N23P0124_ANA1,1,OdataApi)
CALIAS_4618779_E;ALIAS_4618779_E;EAST_MIDLANDS;1;1;Data_StateQTimeTag;global;;;ICCPtoOData_Data_StateQTimeTag(CALIAS_4618779_E,ALIAS_4618779_E,1,OdataApi)
CN890044_1L5ANR;N890044_1L5ANR;EAST_MIDLANDS;1;8;Data_RealQTimeTag;global;;;ICCPtoOData_Data_RealQTimeTag(CN890044_1L5ANR,N890044_1L5ANR,1,OdataApi)
CALIAS_71730_p;ALIAS_71730_p;EAST_MIDLANDS;1;10;Data_RealQTimeTag;global;;;ICCPtoOData_Data_RealQTimeTag(CALIAS_71730_p,ALIAS_71730_p,1,OdataApi)
CALIAS_4708918_E;ALIAS_4708918_E;EAST_MIDLANDS;1;9;Data_RealQTimeTag;global;;;ICCPtoOData_Data_RealQTimeTag(CALIAS_4708918_E,ALIAS_4708918_E,1,OdataApi)
CALIAS_4315466_w;ALIAS_4315466_w;EAST_MIDLANDS;1;3;Data_StateQTimeTag;global;;;ICCPtoOData_Data_StateQTimeTag(CALIAS_4315466_w,ALIAS_4315466_w,1,OdataApi)
CALIAS_427483_r;ALIAS_427483_r;EAST_MIDLANDS;1;4;Data_StateQTimeTag;global;;;ICCPtoOData_Data_StateQTimeTag(CALIAS_427483_r,ALIAS_427483_r,1,OdataApi)
CN00G0038_132_205ANV;N00G0038_132_205ANV;EAST_MIDLANDS;1;9;Data_RealQTimeTag;global;;;ICCPtoOData_Data_RealQTimeTag(CN00G0038_132_205ANV,N00G0038_132_205ANV,1,OdataApi)
CALIAS_71726_p;ALIAS_71726_p;EAST_MIDLANDS;1;10;Data_RealQTimeTag;global;;;ICCPtoOData_Data_RealQTimeTag(CALIAS_71726_p,ALIAS_71726_p,1,OdataApi)
CN23P0090_ANA3;N23P0090_ANA3;EAST_MIDLANDS;1;8;Data_RealQTimeTag;global;;;ICCPtoOData_Data_RealQTimeTag(CN23P0090_ANA3,N23P0090_ANA3,1,OdataApi)
CALIAS_48686_m;ALIAS_48686_m;EAST_MIDLANDS;1;9;Data_RealQTimeTag;global;;;ICCPtoOData_Data_RealQTimeTag(CALIAS_48686_m,ALIAS_48686_m,1,OdataApi)
CS22930_SCADA_MODE;S22930_SCADA_MODE;EAST_MIDLANDS;1;6;Data_StateQTimeTag;global;;;ICCPtoOData_Data_StateQTimeTag(CS22930_SCADA_MODE,S22930_SCADA_MODE,1,OdataApi)
CN890044_HB2S0_WBUR;N890044_HB2S0;EAST_MIDLANDS;1;3;Data_StateQTimeTag;global;;;ICCPtoTWOOData_Data_StateQTimeTag(CN890044_HB2S0_WBUR,N890044_HB2S0_WBUR,N890044_HB2S0_STAY,1,OdataApi)
CALIAS_2579968_E;ALIAS_2579968_E;EAST_MIDLANDS;1;7;Data_RealQTimeTag;global;;;ICCPtoOData_Data_RealQTimeTag(CALIAS_2579968_E,ALIAS_2579968_E,1,OdataApi)
CN23P0371_CB02;N23P0371_CB02;EAST_MIDLANDS;1;5;Data_StateQTimeTag;global;;;ICCPtoOData_Data_StateQTimeTag(CN23P0371_CB02,N23P0371_CB02,1,OdataApi)
CN23P0112_ANC2;N23P0112_ANC2;EAST_MIDLANDS;1;7;Data_RealQTimeTag;global;;;ICCPtoOData_Data_RealQTimeTag(CN23P0112_ANC2,N23P0112_ANC2,1,OdataApi)
CN900027_03ANR;N900027_03ANR;EAST_MIDLANDS;1;8;Data_RealQTimeTag;global;;;ICCPtoOData_Data_RealQTimeTag(CN900027_03ANR,N900027_03ANR,1,OdataApi)
CS22930_ANM_MW_FAILSAFE_IMP_SP;S22930_ANM_MW_FAILSAFE_IMP_SP;EAST_MIDLANDS;5;1;REAL;POWERON_ZIVWB;;;
CN23P0090_CB04_33;N23P0090_CB04_33;EAST_MIDLANDS;1;3;Data_StateQTimeTag;global;;;ICCPtoOData_Data_StateQTimeTag(CN23P0090_CB04_33,N23P0090_CB04_33,1,OdataApi)
CALIAS_217513_R;ALIAS_217513_R;EAST_MIDLANDS;1;9;Data_RealQTimeTag;global;;;ICCPtoOData_Data_RealQTimeTag(CALIAS_217513_R,ALIAS_217513_R,1,OdataApi)
CN23P0094_7713;N23P0094_7713;EAST_MIDLANDS;1;9;Data_RealQTimeTag;global;;;ICCPtoOData_Data_RealQTimeTag(CN23P0094_7713,N23P0094_7713,1,OdataApi)
CS22877_ANM_MVAR;S22877_ANM_MVAR;EAST_MIDLANDS;1;10;Data_RealQTimeTag;global;;;ICCPtoOData_Data_RealQTimeTag(CS22877_ANM_MVAR,S22877_ANM_MVAR,1,OdataApi)
CALIAS_38592_m;ALIAS_38592_m;EAST_MIDLANDS;1;10;Data_RealQTimeTag;global;;;ICCPtoOData_Data_RealQTimeTag(CALIAS_38592_m,ALIAS_38592_m,1,OdataApi)
CALIAS_2258349_E;ALIAS_2258349_E;EAST_MIDLANDS;1;8;Data_RealQTimeTag;global;;;ICCPtoOData_Data_RealQTimeTag(CALIAS_2258349_E,ALIAS_2258349_E,1,OdataApi)
CN23P0112_SDT01;N23P0112_SDT01;EAST_MIDLANDS;1;1;Data_StateQTimeTag;global;;;ICCPtoOData_Data_StateQTimeTag(CN23P0112_SDT01,N23P0112_SDT01,1,OdataApi)
CALIAS_449510_r;ALIAS_449510_r;EAST_MIDLANDS;1;8;Data_RealQTimeTag;global;;;ICCPtoOData_Data_RealQTimeTag(CALIAS_449510_r,ALIAS_449510_r,1,OdataApi)
CS22877_ANM_MW;S22877_ANM_MW;EAST_MIDLANDS;1;10;Data_RealQTimeTag;global;;;ICCPtoOData_Data_RealQTimeTag(CS22877_ANM_MW,S22877_ANM_MW,1,OdataApi)
CN23P0372_CB01;N23P0372_CB01;EAST_MIDLANDS;1;1;Data_StateQTimeTag;global;;;ICCPtoOData_Data_StateQTimeTag(CN23P0372_CB01,N23P0372_CB01,1,OdataApi)
CN00G0038_IS216;N00G0038_IS216;EAST_MIDLANDS;1;4;Data_StateQTimeTag;global;;;ICCPtoOData_Data_StateQTimeTag(CN00G0038_IS216,N00G0038_IS216,1,OdataApi)
CN00G0038_132_IS304;N00G0038_132_IS304;EAST_MIDLANDS;1;4;Data_StateQTimeTag;global;;;ICCPtoOData_Data_StateQTimeTag(CN00G0038_132_IS304,N00G0038_132_IS304,1,OdataApi)
CALIAS_1051017_H;ALIAS_1051017_H;EAST_MIDLANDS;1;1;Data_StateQTimeTag;global;;;ICCPtoOData_Data_StateQTimeTag(CALIAS_1051017_H,ALIAS_1051017_H,1,OdataApi)
CN00G0038_IS214;N00G0038_IS214;EAST_MIDLANDS;1;4;Data_StateQTimeTag;global;;;ICCPtoOData_Data_StateQTimeTag(CN00G0038_IS214,N00G0038_IS214,1,OdataApi)
CN900027_03ANW;N900027_03ANW;EAST_MIDLANDS;1;8;Data_RealQTimeTag;global;;;ICCPtoOData_Data_RealQTimeTag(CN900027_03ANW,N900027_03ANW,1,OdataApi)
CN00G0038_IS286;N00G0038_IS286;EAST_MIDLANDS;1;4;Data_StateQTimeTag;global;;;ICCPtoOData_Data_StateQTimeTag(CN00G0038_IS286,N00G0038_IS286,1,OdataApi)
CALIAS_217520_R;ALIAS_217520_R;EAST_MIDLANDS;1;9;Data_RealQTimeTag;global;;;ICCPtoOData_Data_RealQTimeTag(CALIAS_217520_R,ALIAS_217520_R,1,OdataApi)
CN906387_HB02;N906387_HB02;EAST_MIDLANDS;1;1;Data_StateQTimeTag;global;;;ICCPtoOData_Data_StateQTimeTag(CN906387_HB02,N906387_HB02,1,OdataApi)
CS23196_ANM_MW_FAILSAFE_IMP_SP;S23196_ANM_MW_FAILSAFE_IMP_SP;EAST_MIDLANDS;5;1;REAL;POWERON_ZIVWB;;;
CALIAS_4504216_E;ALIAS_4504216_E;EAST_MIDLANDS;1;10;Data_RealQTimeTag;global;;;ICCPtoOData_Data_RealQTimeTag(CALIAS_4504216_E,ALIAS_4504216_E,1,OdataApi)
CN23GA126_CB405;N23GA126_CB405;EAST_MIDLANDS;1;1;Data_StateQTimeTag;global;;;ICCPtoOData_Data_StateQTimeTag(CN23GA126_CB405,N23GA126_CB405,1,OdataApi)
CALIAS_32542_m;ALIAS_32542_m;EAST_MIDLANDS;1;4;Data_StateQTimeTag;global;;;ICCPtoOData_Data_StateQTimeTag(CALIAS_32542_m,ALIAS_32542_m,1,OdataApi)
CN23P0094_CB10;N23P0094_CB10;EAST_MIDLANDS;1;4;Data_StateQTimeTag;global;;;ICCPtoOData_Data_StateQTimeTag(CN23P0094_CB10,N23P0094_CB10,1,OdataApi)
CALIAS_2258348_E;ALIAS_2258348_E;EAST_MIDLANDS;1;8;Data_RealQTimeTag;global;;;ICCPtoOData_Data_RealQTimeTag(CALIAS_2258348_E,ALIAS_2258348_E,1,OdataApi)
CS22907_ANM_MVAR;S22907_ANM_MVAR;EAST_MIDLANDS;1;10;Data_RealQTimeTag;global;;;ICCPtoOData_Data_RealQTimeTag(CS22907_ANM_MVAR,S22907_ANM_MVAR,1,OdataApi)
CS22899_AUTOMATION_EN;S22899_AUTOMATION_EN;EAST_MIDLANDS;1;6;Data_StateQTimeTag;global;;;ICCPtoOData_Data_StateQTimeTag(CS22899_AUTOMATION_EN,S22899_AUTOMATION_EN,1,OdataApi)
CALIAS_575698_E;ALIAS_575698_E;EAST_MIDLANDS;1;2;Data_StateQTimeTag;global;;;ICCPtoOData_Data_StateQTimeTag(CALIAS_575698_E,ALIAS_575698_E,1,OdataApi)
CN23P0112_ANB4;N23P0112_ANB4;EAST_MIDLANDS;1;7;Data_RealQTimeTag;global;;;ICCPtoOData_Data_RealQTimeTag(CN23P0112_ANB4,N23P0112_ANB4,1,OdataApi)
CALIAS_2217343_E;ALIAS_2217343_E;EAST_MIDLANDS;1;2;Data_StateQTimeTag;global;;;ICCPtoOData_Data_StateQTimeTag(CALIAS_2217343_E,ALIAS_2217343_E,1,OdataApi)
CN900027_CB04;N900027_CB04;EAST_MIDLANDS;1;4;Data_StateQTimeTag;global;;;ICCPtoOData_Data_StateQTimeTag(CN900027_CB04,N900027_CB04,1,OdataApi)
CALIAS_2305734_O;ALIAS_2305734_O;EAST_MIDLANDS;1;2;Data_StateQTimeTag;global;;;ICCPtoOData_Data_StateQTimeTag(CALIAS_2305734_O,ALIAS_2305734_O,1,OdataApi)
CN23P0369_CB02;N23P0369_CB02;EAST_MIDLANDS;1;5;Data_StateQTimeTag;global;;;ICCPtoOData_Data_StateQTimeTag(CN23P0369_CB02,N23P0369_CB02,1,OdataApi)
CN23G0127_ANA4;N23G0127_ANA4;EAST_MIDLANDS;1;8;Data_RealQTimeTag;global;;;ICCPtoOData_Data_RealQTimeTag(CN23G0127_ANA4,N23G0127_ANA4,1,OdataApi)
CN51G3006_HBG1;N51G3006_HBG1;EAST_MIDLANDS;1;5;Data_StateQTimeTag;global;;;ICCPtoOData_Data_StateQTimeTag(CN51G3006_HBG1,N51G3006_HBG1,1,OdataApi)
CN23P0094_7714;N23P0094_7714;EAST_MIDLANDS;1;9;Data_RealQTimeTag;global;;;ICCPtoOData_Data_RealQTimeTag(CN23P0094_7714,N23P0094_7714,1,OdataApi)
CS23202_AUTOMATION_EN;S23202_AUTOMATION_EN;EAST_MIDLANDS;1;5;Data_StateQTimeTag;global;;;ICCPtoOData_Data_StateQTimeTag(CS23202_AUTOMATION_EN,S23202_AUTOMATION_EN,1,OdataApi)
CALIAS_1241155_E;ALIAS_1241155_E;EAST_MIDLANDS;1;4;Data_StateQTimeTag;global;;;ICCPtoOData_Data_StateQTimeTag(CALIAS_1241155_E,ALIAS_1241155_E,1,OdataApi)
CALIAS_2899427_E;ALIAS_2899427_E;EAST_MIDLANDS;1;1;Data_StateQTimeTag;global;;;ICCPtoOData_Data_StateQTimeTag(CALIAS_2899427_E,ALIAS_2899427_E,1,OdataApi)
CN23P0125_ANB1;N23P0125_ANB1;EAST_MIDLANDS;1;7;Data_RealQTimeTag;global;;;ICCPtoOData_Data_RealQTimeTag(CN23P0125_ANB1,N23P0125_ANB1,1,OdataApi)
CS22973_ANM_MVAR_EXP_SP;S22973_ANM_MVAR_EXP_SP;EAST_MIDLANDS;5;1;REAL;POWERON_ZIVWB;;;
CALIAS_6082216_a;ALIAS_6082216_a;EAST_MIDLANDS;1;3;Data_StateQTimeTag;global;;;ICCPtoOData_Data_StateQTimeTag(CALIAS_6082216_a,ALIAS_6082216_a,1,OdataApi)
CN690078_CB120;N690078_CB120;EAST_MIDLANDS;1;5;Data_StateQTimeTag;global;;;ICCPtoOData_Data_StateQTimeTag(CN690078_CB120,N690078_CB120,1,OdataApi)
CN51G3006_HB02;N51G3006_HB02;EAST_MIDLANDS;1;5;Data_StateQTimeTag;global;;;ICCPtoOData_Data_StateQTimeTag(CN51G3006_HB02,N51G3006_HB02,1,OdataApi)
CS22899_ANM_MVAR_FAILSAFE_IMP_SP;S22899_ANM_MVAR_FAILSAFE_IMP_SP;EAST_MIDLANDS;5;1;REAL;POWERON_ZIVWB;;;
CN690078_103ANV;N690078_103ANV;EAST_MIDLANDS;1;7;Data_RealQTimeTag;global;;;ICCPtoOData_Data_RealQTimeTag(CN690078_103ANV,N690078_103ANV,1,OdataApi)
CALIAS_266702_m;ALIAS_266702_m;EAST_MIDLANDS;1;3;Data_StateQTimeTag;global;;;ICCPtoOData_Data_StateQTimeTag(CALIAS_266702_m,ALIAS_266702_m,1,OdataApi)
CN23G1126_ANA4;N23G1126_ANA4;EAST_MIDLANDS;1;10;Data_RealQTimeTag;global;;;ICCPtoOData_Data_RealQTimeTag(CN23G1126_ANA4,N23G1126_ANA4,1,OdataApi)
CN00G0038_IS136;N00G0038_IS136;EAST_MIDLANDS;1;4;Data_StateQTimeTag;global;;;ICCPtoOData_Data_StateQTimeTag(CN00G0038_IS136,N00G0038_IS136,1,OdataApi)
CALIAS_217518_R;ALIAS_217518_R;EAST_MIDLANDS;1;9;Data_RealQTimeTag;global;;;ICCPtoOData_Data_RealQTimeTag(CALIAS_217518_R,ALIAS_217518_R,1,OdataApi)
CALIAS_2305668_O;ALIAS_2305668_O;EAST_MIDLANDS;1;2;Data_StateQTimeTag;global;;;ICCPtoOData_Data_StateQTimeTag(CALIAS_2305668_O,ALIAS_2305668_O,1,OdataApi)
CN51G3006_HB04;N51G3006_HB04;EAST_MIDLANDS;1;5;Data_StateQTimeTag;global;;;ICCPtoOData_Data_StateQTimeTag(CN51G3006_HB04,N51G3006_HB04,1,OdataApi)
CN51P0078_ANB4;N51P0078_ANB4;EAST_MIDLANDS;1;9;Data_RealQTimeTag;global;;;ICCPtoOData_Data_RealQTimeTag(CN51P0078_ANB4,N51P0078_ANB4,1,OdataApi)
CN23P0112_SDL04;N23P0112_SDL04;EAST_MIDLANDS;1;1;Data_StateQTimeTag;global;;;ICCPtoOData_Data_StateQTimeTag(CN23P0112_SDL04,N23P0112_SDL04,1,OdataApi)
CN23P0090_CB01_33;N23P0090_CB01_33;EAST_MIDLANDS;1;3;Data_StateQTimeTag;global;;;ICCPtoOData_Data_StateQTimeTag(CN23P0090_CB01_33,N23P0090_CB01_33,1,OdataApi)
CN906387_HB03;N906387_HB03;EAST_MIDLANDS;1;1;Data_StateQTimeTag;global;;;ICCPtoOData_Data_StateQTimeTag(CN906387_HB03,N906387_HB03,1,OdataApi)
CN00G0038_IS236;N00G0038_IS236;EAST_MIDLANDS;1;4;Data_StateQTimeTag;global;;;ICCPtoOData_Data_StateQTimeTag(CN00G0038_IS236,N00G0038_IS236,1,OdataApi)
CALIAS_2335031_O;ALIAS_2335031_O;EAST_MIDLANDS;1;2;Data_StateQTimeTag;global;;;ICCPtoOData_Data_StateQTimeTag(CALIAS_2335031_O,ALIAS_2335031_O,1,OdataApi)
CN890044_1S0ANR_WBUR;N890044_1S0ANR;EAST_MIDLANDS;1;8;Data_RealQTimeTag;global;;;ICCPtoTWOOData_Data_RealQTimeTag(CN890044_1S0ANR_WBUR,N890044_1S0ANR_WBUR,N890044_1S0ANR_STAYS,1,OdataApi)
CALIAS_2305819_O;ALIAS_2305819_O;EAST_MIDLANDS;1;2;Data_StateQTimeTag;global;;;ICCPtoOData_Data_StateQTimeTag(CALIAS_2305819_O,ALIAS_2305819_O,1,OdataApi)
CS22889_ANM_MW_IMP_SP;S22889_ANM_MW_IMP_SP;EAST_MIDLANDS;5;1;REAL;POWERON_ZIVWB;;;
CS23196_ANM_MVAR;S23196_ANM_MVAR;EAST_MIDLANDS;1;10;Data_RealQTimeTag;global;;;ICCPtoOData_Data_RealQTimeTag(CS23196_ANM_MVAR,S23196_ANM_MVAR,1,OdataApi)
CALIAS_631036_E;ALIAS_631036_E;EAST_MIDLANDS;1;2;Data_StateQTimeTag;global;;;ICCPtoOData_Data_StateQTimeTag(CALIAS_631036_E,ALIAS_631036_E,1,OdataApi)
CALIAS_427486_r;ALIAS_427486_r;EAST_MIDLANDS;1;4;Data_StateQTimeTag;global;;;ICCPtoOData_Data_StateQTimeTag(CALIAS_427486_r,ALIAS_427486_r,1,OdataApi)
CS23196_ANM_MVAR_FAILSAFE_IMP_SP;S23196_ANM_MVAR_FAILSAFE_IMP_SP;EAST_MIDLANDS;5;1;REAL;POWERON_ZIVWB;;;
CALIAS_38594_m;ALIAS_38594_m;EAST_MIDLANDS;1;10;Data_RealQTimeTag;global;;;ICCPtoOData_Data_RealQTimeTag(CALIAS_38594_m,ALIAS_38594_m,1,OdataApi)
CALIAS_212714_H;ALIAS_212714_H;EAST_MIDLANDS;1;7;Data_RealQTimeTag;global;;;ICCPtoOData_Data_RealQTimeTag(CALIAS_212714_H,ALIAS_212714_H,1,OdataApi)
CN23PA126_CB01;N23PA126_CB01;EAST_MIDLANDS;1;5;Data_StateQTimeTag;global;;;ICCPtoOData_Data_StateQTimeTag(CN23PA126_CB01,N23PA126_CB01,1,OdataApi)
CALIAS_749871_S;ALIAS_749871_S;EAST_MIDLANDS;1;3;Data_StateQTimeTag;global;;;ICCPtoOData_Data_StateQTimeTag(CALIAS_749871_S,ALIAS_749871_S,1,OdataApi)
CN23P0124_ANA7;N23P0124_ANA7;EAST_MIDLANDS;1;8;Data_RealQTimeTag;global;;;ICCPtoOData_Data_RealQTimeTag(CN23P0124_ANA7,N23P0124_ANA7,1,OdataApi)
CALIAS_2899373_E;ALIAS_2899373_E;EAST_MIDLANDS;1;1;Data_StateQTimeTag;global;;;ICCPtoOData_Data_StateQTimeTag(CALIAS_2899373_E,ALIAS_2899373_E,1,OdataApi)
CALIAS_1616023_E;ALIAS_1616023_E;EAST_MIDLANDS;1;2;Data_StateQTimeTag;global;;;ICCPtoOData_Data_StateQTimeTag(CALIAS_1616023_E,ALIAS_1616023_E,1,OdataApi)
CN907213_02ANV;N907213_02ANV;EAST_MIDLANDS;1;7;Data_RealQTimeTag;global;;;ICCPtoOData_Data_RealQTimeTag(CN907213_02ANV,N907213_02ANV,1,OdataApi)
CS23200_ANM_MW_EXP_SP;S23200_ANM_MW_EXP_SP;EAST_MIDLANDS;5;1;REAL;POWERON_ZIVWB;;;
CN900027_CB03;N900027_CB03;EAST_MIDLANDS;1;3;Data_StateQTimeTag;global;;;ICCPtoOData_Data_StateQTimeTag(CN900027_CB03,N900027_CB03,1,OdataApi)
CN23G0128_IS113;N23G0128_IS113;EAST_MIDLANDS;1;1;Data_StateQTimeTag;global;;;ICCPtoOData_Data_StateQTimeTag(CN23G0128_IS113,N23G0128_IS113,1,OdataApi)
CN23P0369_ANA9;N23P0369_ANA9;EAST_MIDLANDS;1;9;Data_RealQTimeTag;global;;;ICCPtoOData_Data_RealQTimeTag(CN23P0369_ANA9,N23P0369_ANA9,1,OdataApi)
CN00G0038_132_405ANR;N00G0038_132_405ANR;EAST_MIDLANDS;1;9;Data_RealQTimeTag;global;;;ICCPtoOData_Data_RealQTimeTag(CN00G0038_132_405ANR,N00G0038_132_405ANR,1,OdataApi)
CN23P0112_ANB3;N23P0112_ANB3;EAST_MIDLANDS;1;7;Data_RealQTimeTag;global;;;ICCPtoOData_Data_RealQTimeTag(CN23P0112_ANB3,N23P0112_ANB3,1,OdataApi)
CN00G0038_CB110;N00G0038_CB110;EAST_MIDLANDS;1;4;Data_StateQTimeTag;global;;;ICCPtoOData_Data_StateQTimeTag(CN00G0038_CB110,N00G0038_CB110,1,OdataApi)
CN00G0038_132_205ANR;N00G0038_132_205ANR;EAST_MIDLANDS;1;9;Data_RealQTimeTag;global;;;ICCPtoOData_Data_RealQTimeTag(CN00G0038_132_205ANR,N00G0038_132_205ANR,1,OdataApi)
CN00G0038_CB230;N00G0038_CB230;EAST_MIDLANDS;1;4;Data_StateQTimeTag;global;;;ICCPtoOData_Data_StateQTimeTag(CN00G0038_CB230,N00G0038_CB230,1,OdataApi)
CS22877_ANM_MW_EXP_SP;S22877_ANM_MW_EXP_SP;EAST_MIDLANDS;5;1;REAL;POWERON_ZIVWB;;;
CS23196_ANM_MVAR_IMP_SP;S23196_ANM_MVAR_IMP_SP;EAST_MIDLANDS;5;1;REAL;POWERON_ZIVWB;;;
CS22867_AUTOMATION_EN;S22867_AUTOMATION_EN;EAST_MIDLANDS;1;6;Data_StateQTimeTag;global;;;ICCPtoOData_Data_StateQTimeTag(CS22867_AUTOMATION_EN,S22867_AUTOMATION_EN,1,OdataApi)
CN23G0128_CB110;N23G0128_CB110;EAST_MIDLANDS;1;1;Data_StateQTimeTag;global;;;ICCPtoOData_Data_StateQTimeTag(CN23G0128_CB110,N23G0128_CB110,1,OdataApi)
CN907213_03ANW;N907213_03ANW;EAST_MIDLANDS;1;7;Data_RealQTimeTag;global;;;ICCPtoOData_Data_RealQTimeTag(CN907213_03ANW,N907213_03ANW,1,OdataApi)
CALIAS_2613918_E;ALIAS_2613918_E;EAST_MIDLANDS;1;2;Data_StateQTimeTag;global;;;ICCPtoOData_Data_StateQTimeTag(CALIAS_2613918_E,ALIAS_2613918_E,1,OdataApi)
CN904540_SW03;N904540_SW03;EAST_MIDLANDS;1;5;Data_StateQTimeTag;global;;;ICCPtoOData_Data_StateQTimeTag(CN904540_SW03,N904540_SW03,1,OdataApi)
CS22867_ANM_MVAR_FAILSAFE_IMP_SP;S22867_ANM_MVAR_FAILSAFE_IMP_SP;EAST_MIDLANDS;5;1;REAL;POWERON_ZIVWB;;;
CN44901_2087;N44901_2087;EAST_MIDLANDS;1;2;Data_StateQTimeTag;global;;;ICCPtoOData_Data_StateQTimeTag(CN44901_2087,N44901_2087,1,OdataApi)
CN23P0372_CB02;N23P0372_CB02;EAST_MIDLANDS;1;1;Data_StateQTimeTag;global;;;ICCPtoOData_Data_StateQTimeTag(CN23P0372_CB02,N23P0372_CB02,1,OdataApi)
CN890044_2L5ANR;N890044_2L5ANR;EAST_MIDLANDS;1;8;Data_RealQTimeTag;global;;;ICCPtoOData_Data_RealQTimeTag(CN890044_2L5ANR,N890044_2L5ANR,1,OdataApi)
CN23P0112_SD02;N23P0112_SD02;EAST_MIDLANDS;1;1;Data_StateQTimeTag;global;;;ICCPtoOData_Data_StateQTimeTag(CN23P0112_SD02,N23P0112_SD02,1,OdataApi)
CN23P0112_ANB6;N23P0112_ANB6;EAST_MIDLANDS;1;7;Data_RealQTimeTag;global;;;ICCPtoOData_Data_RealQTimeTag(CN23P0112_ANB6,N23P0112_ANB6,1,OdataApi)
CS22973_COMMS_FAIL;S22973_COMMS_FAIL;EAST_MIDLANDS;1;6;Data_StateQTimeTag;global;;;ICCPtoOData_Data_StateQTimeTag(CS22973_COMMS_FAIL,S22973_COMMS_FAIL,1,OdataApi)
CN23P0094_CB00;N23P0094_CB00;EAST_MIDLANDS;1;5;Data_StateQTimeTag;global;;;ICCPtoOData_Data_StateQTimeTag(CN23P0094_CB00,N23P0094_CB00,1,OdataApi)
CN907213_HB03;N907213_HB03;EAST_MIDLANDS;1;1;Data_StateQTimeTag;global;;;ICCPtoOData_Data_StateQTimeTag(CN907213_HB03,N907213_HB03,1,OdataApi)
CN51P0078_ANA0;N51P0078_ANA0;EAST_MIDLANDS;1;9;Data_RealQTimeTag;global;;;ICCPtoOData_Data_RealQTimeTag(CN51P0078_ANA0,N51P0078_ANA0,1,OdataApi)
CS23200_ANM_MVAR_FAILSAFE_IMP_SP;S23200_ANM_MVAR_FAILSAFE_IMP_SP;EAST_MIDLANDS;5;1;REAL;POWERON_ZIVWB;;;
CALIAS_4504236_E;ALIAS_4504236_E;EAST_MIDLANDS;1;3;Data_StateQTimeTag;global;;;ICCPtoOData_Data_StateQTimeTag(CALIAS_4504236_E,ALIAS_4504236_E,1,OdataApi)
CN23G1126_HB00;N23G1126_HB00;EAST_MIDLANDS;1;5;Data_StateQTimeTag;global;;;ICCPtoOData_Data_StateQTimeTag(CN23G1126_HB00,N23G1126_HB00,1,OdataApi)
CALIAS_575664_E;ALIAS_575664_E;EAST_MIDLANDS;1;2;Data_StateQTimeTag;global;;;ICCPtoOData_Data_StateQTimeTag(CALIAS_575664_E,ALIAS_575664_E,1,OdataApi)
CALIAS_449531_r;ALIAS_449531_r;EAST_MIDLANDS;1;8;Data_RealQTimeTag;global;;;ICCPtoOData_Data_RealQTimeTag(CALIAS_449531_r,ALIAS_449531_r,1,OdataApi)
CN51G0006_IS113;N51G0006_IS113;EAST_MIDLANDS;1;5;Data_StateQTimeTag;global;;;ICCPtoOData_Data_StateQTimeTag(CN51G0006_IS113,N51G0006_IS113,1,OdataApi)
CALIAS_1311909_G;ALIAS_1311909_G;EAST_MIDLANDS;1;9;Data_RealQTimeTag;global;;;ICCPtoOData_Data_RealQTimeTag(CALIAS_1311909_G,ALIAS_1311909_G,1,OdataApi)
CN23G1126_HB02;N23G1126_HB02;EAST_MIDLANDS;1;2;Data_StateQTimeTag;global;;;ICCPtoOData_Data_StateQTimeTag(CN23G1126_HB02,N23G1126_HB02,1,OdataApi)
CN51G0006_IS213;N51G0006_IS213;EAST_MIDLANDS;1;5;Data_StateQTimeTag;global;;;ICCPtoOData_Data_StateQTimeTag(CN51G0006_IS213,N51G0006_IS213,1,OdataApi)
CN23P0372_HB02;N23P0372_HB02;EAST_MIDLANDS;1;1;Data_StateQTimeTag;global;;;ICCPtoOData_Data_StateQTimeTag(CN23P0372_HB02,N23P0372_HB02,1,OdataApi)
CN900027_04ANV;N900027_04ANV;EAST_MIDLANDS;1;8;Data_RealQTimeTag;global;;;ICCPtoOData_Data_RealQTimeTag(CN900027_04ANV,N900027_04ANV,1,OdataApi)
CN23P0094_7717;N23P0094_7717;EAST_MIDLANDS;1;9;Data_RealQTimeTag;global;;;ICCPtoOData_Data_RealQTimeTag(CN23P0094_7717,N23P0094_7717,1,OdataApi)
CN23P0090_CB10_33;N23P0090_CB10_33;EAST_MIDLANDS;1;3;Data_StateQTimeTag;global;;;ICCPtoOData_Data_StateQTimeTag(CN23P0090_CB10_33,N23P0090_CB10_33,1,OdataApi)
CN890044_HB2L5;N890044_HB2L5;EAST_MIDLANDS;1;3;Data_StateQTimeTag;global;;;ICCPtoOData_Data_StateQTimeTag(CN890044_HB2L5,N890044_HB2L5,1,OdataApi)
CALIAS_2258345_E;ALIAS_2258345_E;EAST_MIDLANDS;1;8;Data_RealQTimeTag;global;;;ICCPtoOData_Data_RealQTimeTag(CALIAS_2258345_E,ALIAS_2258345_E,1,OdataApi)
CN900027_04ANW;N900027_04ANW;EAST_MIDLANDS;1;8;Data_RealQTimeTag;global;;;ICCPtoOData_Data_RealQTimeTag(CN900027_04ANW,N900027_04ANW,1,OdataApi)
CS22877_ANM_MW_IMP_SP;S22877_ANM_MW_IMP_SP;EAST_MIDLANDS;5;1;REAL;POWERON_ZIVWB;;;
CN00G0041_IS213;N00G0041_IS213;EAST_MIDLANDS;1;3;Data_StateQTimeTag;global;;;ICCPtoOData_Data_StateQTimeTag(CN00G0041_IS213,N00G0041_IS213,1,OdataApi)
CALIAS_1006438_H;ALIAS_1006438_H;EAST_MIDLANDS;1;4;Data_StateQTimeTag;global;;;ICCPtoOData_Data_StateQTimeTag(CALIAS_1006438_H,ALIAS_1006438_H,1,OdataApi)
CN23P0130_CB00;N23P0130_CB00;EAST_MIDLANDS;1;5;Data_StateQTimeTag;global;;;ICCPtoOData_Data_StateQTimeTag(CN23P0130_CB00,N23P0130_CB00,1,OdataApi)
CN23P0094_SDT01;N23P0094_SDT01;EAST_MIDLANDS;1;4;Data_StateQTimeTag;global;;;ICCPtoOData_Data_StateQTimeTag(CN23P0094_SDT01,N23P0094_SDT01,1,OdataApi)
CALIAS_1051010_H;ALIAS_1051010_H;EAST_MIDLANDS;1;1;Data_StateQTimeTag;global;;;ICCPtoOData_Data_StateQTimeTag(CALIAS_1051010_H,ALIAS_1051010_H,1,OdataApi)
CN23P0369_ANB0;N23P0369_ANB0;EAST_MIDLANDS;1;9;Data_RealQTimeTag;global;;;ICCPtoOData_Data_RealQTimeTag(CN23P0369_ANB0,N23P0369_ANB0,1,OdataApi)
CALIAS_3448766_a;ALIAS_3448766_a;EAST_MIDLANDS;1;2;Data_StateQTimeTag;global;;;ICCPtoOData_Data_StateQTimeTag(CALIAS_3448766_a,ALIAS_3448766_a,1,OdataApi)
CN23P0140_SD4L3;N23P0140_SD4L3;EAST_MIDLANDS;1;4;Data_StateQTimeTag;global;;;ICCPtoOData_Data_StateQTimeTag(CN23P0140_SD4L3,N23P0140_SD4L3,1,OdataApi)
CN00G0038_132_IS403;N00G0038_132_IS403;EAST_MIDLANDS;1;4;Data_StateQTimeTag;global;;;ICCPtoOData_Data_StateQTimeTag(CN00G0038_132_IS403,N00G0038_132_IS403,1,OdataApi)
CALIAS_1055640_H;ALIAS_1055640_H;EAST_MIDLANDS;1;4;Data_StateQTimeTag;global;;;ICCPtoOData_Data_StateQTimeTag(CALIAS_1055640_H,ALIAS_1055640_H,1,OdataApi)
CN44901_2081;N44901_2081;EAST_MIDLANDS;1;2;Data_StateQTimeTag;global;;;ICCPtoOData_Data_StateQTimeTag(CN44901_2081,N44901_2081,1,OdataApi)
CS22899_LOCAL_MODE;S22899_LOCAL_MODE;EAST_MIDLANDS;1;6;Data_StateQTimeTag;global;;;ICCPtoOData_Data_StateQTimeTag(CS22899_LOCAL_MODE,S22899_LOCAL_MODE,1,OdataApi)
CALIAS_2613910_E;ALIAS_2613910_E;EAST_MIDLANDS;1;2;Data_StateQTimeTag;global;;;ICCPtoOData_Data_StateQTimeTag(CALIAS_2613910_E,ALIAS_2613910_E,1,OdataApi)
CN00G0038_132_IS303;N00G0038_132_IS303;EAST_MIDLANDS;1;4;Data_StateQTimeTag;global;;;ICCPtoOData_Data_StateQTimeTag(CN00G0038_132_IS303,N00G0038_132_IS303,1,OdataApi)
CALIAS_449103_r;ALIAS_449103_r;EAST_MIDLANDS;1;8;Data_RealQTimeTag;global;;;ICCPtoOData_Data_RealQTimeTag(CALIAS_449103_r,ALIAS_449103_r,1,OdataApi)
CS22867_COMMS_FAIL;S22867_COMMS_FAIL;EAST_MIDLANDS;1;6;Data_StateQTimeTag;global;;;ICCPtoOData_Data_StateQTimeTag(CS22867_COMMS_FAIL,S22867_COMMS_FAIL,1,OdataApi)
CS22899_ANM_MW_IMP_SP;S22899_ANM_MW_IMP_SP;EAST_MIDLANDS;5;1;REAL;POWERON_ZIVWB;;;
CS22889_ANM_MW_EXP_SP;S22889_ANM_MW_EXP_SP;EAST_MIDLANDS;5;1;REAL;POWERON_ZIVWB;;;
CS22899_ANM_MW_FAILSAFE_IMP_SP;S22899_ANM_MW_FAILSAFE_IMP_SP;EAST_MIDLANDS;5;1;REAL;POWERON_ZIVWB;;;
CN904540_CB01;N904540_CB01;EAST_MIDLANDS;1;1;Data_StateQTimeTag;global;;;ICCPtoOData_Data_StateQTimeTag(CN904540_CB01,N904540_CB01,1,OdataApi)
CS22973_ANM_MW;S22973_ANM_MW;EAST_MIDLANDS;1;10;Data_RealQTimeTag;global;;;ICCPtoOData_Data_RealQTimeTag(CS22973_ANM_MW,S22973_ANM_MW,1,OdataApi)
CN907213_01ANW;N907213_01ANW;EAST_MIDLANDS;1;7;Data_RealQTimeTag;global;;;ICCPtoOData_Data_RealQTimeTag(CN907213_01ANW,N907213_01ANW,1,OdataApi)
CN690078_IS203;N690078_IS203;EAST_MIDLANDS;1;5;Data_StateQTimeTag;global;;;ICCPtoOData_Data_StateQTimeTag(CN690078_IS203,N690078_IS203,1,OdataApi)
CN00G0038_132_CB205;N00G0038_132_CB205;EAST_MIDLANDS;1;4;Data_StateQTimeTag;global;;;ICCPtoOData_Data_StateQTimeTag(CN00G0038_132_CB205,N00G0038_132_CB205,1,OdataApi)
CALIAS_1006418_H;ALIAS_1006418_H;EAST_MIDLANDS;1;3;Data_StateQTimeTag;global;;;ICCPtoOData_Data_StateQTimeTag(CALIAS_1006418_H,ALIAS_1006418_H,1,OdataApi)
CALIAS_449660_r;ALIAS_449660_r;EAST_MIDLANDS;1;3;Data_StateQTimeTag;global;;;ICCPtoOData_Data_StateQTimeTag(CALIAS_449660_r,ALIAS_449660_r,1,OdataApi)
CN904540_7687_ANA;N904540_7687_ANA;EAST_MIDLANDS;1;7;Data_RealQTimeTag;global;;;ICCPtoOData_Data_RealQTimeTag(CN904540_7687_ANA,N904540_7687_ANA,1,OdataApi)
CALIAS_32022_R;ALIAS_32022_R;EAST_MIDLANDS;1;7;Data_RealQTimeTag;global;;;ICCPtoOData_Data_RealQTimeTag(CALIAS_32022_R,ALIAS_32022_R,1,OdataApi)
CN51P0078_CB02;N51P0078_CB02;EAST_MIDLANDS;1;5;Data_StateQTimeTag;global;;;ICCPtoOData_Data_StateQTimeTag(CN51P0078_CB02,N51P0078_CB02,1,OdataApi)
CN00G0038_CB605;N00G0038_CB605;EAST_MIDLANDS;1;5;Data_StateQTimeTag;global;;;ICCPtoOData_Data_StateQTimeTag(CN00G0038_CB605,N00G0038_CB605,1,OdataApi)
CALIAS_575720_E;ALIAS_575720_E;EAST_MIDLANDS;1;2;Data_StateQTimeTag;global;;;ICCPtoOData_Data_StateQTimeTag(CALIAS_575720_E,ALIAS_575720_E,1,OdataApi)
CS23200_ANM_MW_FAILSAFE_IMP_SP;S23200_ANM_MW_FAILSAFE_IMP_SP;EAST_MIDLANDS;5;1;REAL;POWERON_ZIVWB;;;
CN00G0038_132_CB305;N00G0038_132_CB305;EAST_MIDLANDS;1;4;Data_StateQTimeTag;global;;;ICCPtoOData_Data_StateQTimeTag(CN00G0038_132_CB305,N00G0038_132_CB305,1,OdataApi)
CS23200_ANM_MVAR_IMP_SP;S23200_ANM_MVAR_IMP_SP;EAST_MIDLANDS;5;1;REAL;POWERON_ZIVWB;;;
CALIAS_2258350_E;ALIAS_2258350_E;EAST_MIDLANDS;1;8;Data_RealQTimeTag;global;;;ICCPtoOData_Data_RealQTimeTag(CALIAS_2258350_E,ALIAS_2258350_E,1,OdataApi)
CALIAS_2895732_E;ALIAS_2895732_E;EAST_MIDLANDS;1;1;Data_StateQTimeTag;global;;;ICCPtoOData_Data_StateQTimeTag(CALIAS_2895732_E,ALIAS_2895732_E,1,OdataApi)
CS22889_SCADA_MODE;S22889_SCADA_MODE;EAST_MIDLANDS;1;6;Data_StateQTimeTag;global;;;ICCPtoOData_Data_StateQTimeTag(CS22889_SCADA_MODE,S22889_SCADA_MODE,1,OdataApi)
CN23P0369_ANA0;N23P0369_ANA0;EAST_MIDLANDS;1;9;Data_RealQTimeTag;global;;;ICCPtoOData_Data_RealQTimeTag(CN23P0369_ANA0,N23P0369_ANA0,1,OdataApi)
CN907213_01ANV;N907213_01ANV;EAST_MIDLANDS;1;7;Data_RealQTimeTag;global;;;ICCPtoOData_Data_RealQTimeTag(CN907213_01ANV,N907213_01ANV,1,OdataApi)
CALIAS_575675_E;ALIAS_575675_E;EAST_MIDLANDS;1;2;Data_StateQTimeTag;global;;;ICCPtoOData_Data_StateQTimeTag(CALIAS_575675_E,ALIAS_575675_E,1,OdataApi)
CN890044_1L5ANW;N890044_1L5ANW;EAST_MIDLANDS;1;8;Data_RealQTimeTag;global;;;ICCPtoOData_Data_RealQTimeTag(CN890044_1L5ANW,N890044_1L5ANW,1,OdataApi)
CS22973_ANM_MW_FAILSAFE_IMP_SP;S22973_ANM_MW_FAILSAFE_IMP_SP;EAST_MIDLANDS;5;1;REAL;POWERON_ZIVWB;;;
CN00G0038_132_IS203;N00G0038_132_IS203;EAST_MIDLANDS;1;4;Data_StateQTimeTag;global;;;ICCPtoOData_Data_StateQTimeTag(CN00G0038_132_IS203,N00G0038_132_IS203,1,OdataApi)
CN51P0079_ANA1;N51P0079_ANA1;EAST_MIDLANDS;1;9;Data_RealQTimeTag;global;;;ICCPtoOData_Data_RealQTimeTag(CN51P0079_ANA1,N51P0079_ANA1,1,OdataApi)
CALIAS_1344316_I;ALIAS_1344316_I;EAST_MIDLANDS;1;7;Data_RealQTimeTag;global;;;ICCPtoOData_Data_RealQTimeTag(CALIAS_1344316_I,ALIAS_1344316_I,1,OdataApi)
CS22877_SCADA_MODE;S22877_SCADA_MODE;EAST_MIDLANDS;1;6;Data_StateQTimeTag;global;;;ICCPtoOData_Data_StateQTimeTag(CS22877_SCADA_MODE,S22877_SCADA_MODE,1,OdataApi)
CN23P0125_ANA1;N23P0125_ANA1;EAST_MIDLANDS;1;9;Data_RealQTimeTag;global;;;ICCPtoOData_Data_RealQTimeTag(CN23P0125_ANA1,N23P0125_ANA1,1,OdataApi)
CN907213_02ANR;N907213_02ANR;EAST_MIDLANDS;1;7;Data_RealQTimeTag;global;;;ICCPtoOData_Data_RealQTimeTag(CN907213_02ANR,N907213_02ANR,1,OdataApi)
CN23P0090_CB01;N23P0090_CB01;EAST_MIDLANDS;1;3;Data_StateQTimeTag;global;;;ICCPtoOData_Data_StateQTimeTag(CN23P0090_CB01,N23P0090_CB01,1,OdataApi)
CS23202_SCADA_MODE;S23202_SCADA_MODE;EAST_MIDLANDS;1;5;Data_StateQTimeTag;global;;;ICCPtoOData_Data_StateQTimeTag(CS23202_SCADA_MODE,S23202_SCADA_MODE,1,OdataApi)
CS23196_ANM_MW_EXP_SP;S23196_ANM_MW_EXP_SP;EAST_MIDLANDS;5;1;REAL;POWERON_ZIVWB;;;
CALIAS_212712_H;ALIAS_212712_H;EAST_MIDLANDS;1;7;Data_RealQTimeTag;global;;;ICCPtoOData_Data_RealQTimeTag(CALIAS_212712_H,ALIAS_212712_H,1,OdataApi)
CALIAS_3448806_a;ALIAS_3448806_a;EAST_MIDLANDS;1;2;Data_StateQTimeTag;global;;;ICCPtoOData_Data_StateQTimeTag(CALIAS_3448806_a,ALIAS_3448806_a,1,OdataApi)
CN690078_203ANV;N690078_203ANV;EAST_MIDLANDS;1;10;Data_RealQTimeTag;global;;;ICCPtoOData_Data_RealQTimeTag(CN690078_203ANV,N690078_203ANV,1,OdataApi)
CN907213_03ANR;N907213_03ANR;EAST_MIDLANDS;1;7;Data_RealQTimeTag;global;;;ICCPtoOData_Data_RealQTimeTag(CN907213_03ANR,N907213_03ANR,1,OdataApi)
CN00G0041_IS113;N00G0041_IS113;EAST_MIDLANDS;1;3;Data_StateQTimeTag;global;;;ICCPtoOData_Data_StateQTimeTag(CN00G0041_IS113,N00G0041_IS113,1,OdataApi)
CN23P0094_SDL01;N23P0094_SDL01;EAST_MIDLANDS;1;4;Data_StateQTimeTag;global;;;ICCPtoOData_Data_StateQTimeTag(CN23P0094_SDL01,N23P0094_SDL01,1,OdataApi)
CALIAS_4618766_E;ALIAS_4618766_E;EAST_MIDLANDS;1;1;Data_StateQTimeTag;global;;;ICCPtoOData_Data_StateQTimeTag(CALIAS_4618766_E,ALIAS_4618766_E,1,OdataApi)
CALIAS_1311911_G;ALIAS_1311911_G;EAST_MIDLANDS;1;10;Data_RealQTimeTag;global;;;ICCPtoOData_Data_RealQTimeTag(CALIAS_1311911_G,ALIAS_1311911_G,1,OdataApi)
CS22930_LOCAL_MODE;S22930_LOCAL_MODE;EAST_MIDLANDS;1;6;Data_StateQTimeTag;global;;;ICCPtoOData_Data_StateQTimeTag(CS22930_LOCAL_MODE,S22930_LOCAL_MODE,1,OdataApi)
CN23P0094_CB2L5;N23P0094_CB2L5;EAST_MIDLANDS;1;4;Data_StateQTimeTag;global;;;ICCPtoOData_Data_StateQTimeTag(CN23P0094_CB2L5,N23P0094_CB2L5,1,OdataApi)
CALIAS_1311910_G;ALIAS_1311910_G;EAST_MIDLANDS;1;10;Data_RealQTimeTag;global;;;ICCPtoOData_Data_RealQTimeTag(CALIAS_1311910_G,ALIAS_1311910_G,1,OdataApi)
CN23G0127_IS303;N23G0127_IS303;EAST_MIDLANDS;1;3;Data_StateQTimeTag;global;;;ICCPtoOData_Data_StateQTimeTag(CN23G0127_IS303,N23G0127_IS303,1,OdataApi)
CN00G0038_132_105ANW;N00G0038_132_105ANW;EAST_MIDLANDS;1;9;Data_RealQTimeTag;global;;;ICCPtoOData_Data_RealQTimeTag(CN00G0038_132_105ANW,N00G0038_132_105ANW,1,OdataApi)
CN23G1126_HB11;N23G1126_HB11;EAST_MIDLANDS;1;2;Data_StateQTimeTag;global;;;ICCPtoOData_Data_StateQTimeTag(CN23G1126_HB11,N23G1126_HB11,1,OdataApi)
CS22867_ANM_MW_FAILSAFE_IMP_SP;S22867_ANM_MW_FAILSAFE_IMP_SP;EAST_MIDLANDS;5;1;REAL;POWERON_ZIVWB;;;
CALIAS_4504172_E;ALIAS_4504172_E;EAST_MIDLANDS;1;3;Data_StateQTimeTag;global;;;ICCPtoOData_Data_StateQTimeTag(CALIAS_4504172_E,ALIAS_4504172_E,1,OdataApi)
CN904540_SW02;N904540_SW02;EAST_MIDLANDS;1;5;Data_StateQTimeTag;global;;;ICCPtoOData_Data_StateQTimeTag(CN904540_SW02,N904540_SW02,1,OdataApi)
CN23G1126_HB04;N23G1126_HB04;EAST_MIDLANDS;1;2;Data_StateQTimeTag;global;;;ICCPtoOData_Data_StateQTimeTag(CN23G1126_HB04,N23G1126_HB04,1,OdataApi)
CN23P0369_CB01;N23P0369_CB01;EAST_MIDLANDS;1;5;Data_StateQTimeTag;global;;;ICCPtoOData_Data_StateQTimeTag(CN23P0369_CB01,N23P0369_CB01,1,OdataApi)
CN23G0128_IS103;N23G0128_IS103;EAST_MIDLANDS;1;1;Data_StateQTimeTag;global;;;ICCPtoOData_Data_StateQTimeTag(CN23G0128_IS103,N23G0128_IS103,1,OdataApi)
CN23G1126_ANA5;N23G1126_ANA5;EAST_MIDLANDS;1;10;Data_RealQTimeTag;global;;;ICCPtoOData_Data_RealQTimeTag(CN23G1126_ANA5,N23G1126_ANA5,1,OdataApi)
CN00G0038_HB180;N00G0038_HB180;EAST_MIDLANDS;1;4;Data_StateQTimeTag;global;;;ICCPtoOData_Data_StateQTimeTag(CN00G0038_HB180,N00G0038_HB180,1,OdataApi)
CALIAS_1050998_H;ALIAS_1050998_H;EAST_MIDLANDS;1;1;Data_StateQTimeTag;global;;;ICCPtoOData_Data_StateQTimeTag(CALIAS_1050998_H,ALIAS_1050998_H,1,OdataApi)
CN23G0128_ANA1;N23G0128_ANA1;EAST_MIDLANDS;1;7;Data_RealQTimeTag;global;;;ICCPtoOData_Data_RealQTimeTag(CN23G0128_ANA1,N23G0128_ANA1,1,OdataApi)
CN690078_203ANL;N690078_203ANL;EAST_MIDLANDS;1;10;Data_RealQTimeTag;global;;;ICCPtoOData_Data_RealQTimeTag(CN690078_203ANL,N690078_203ANL,1,OdataApi)
CN51P0078_ANB5;N51P0078_ANB5;EAST_MIDLANDS;1;9;Data_RealQTimeTag;global;;;ICCPtoOData_Data_RealQTimeTag(CN51P0078_ANB5,N51P0078_ANB5,1,OdataApi)
CN907213_HB02;N907213_HB02;EAST_MIDLANDS;1;1;Data_StateQTimeTag;global;;;ICCPtoOData_Data_StateQTimeTag(CN907213_HB02,N907213_HB02,1,OdataApi)
CS22889_ANM_MVAR;S22889_ANM_MVAR;EAST_MIDLANDS;1;11;Data_RealQTimeTag;global;;;ICCPtoOData_Data_RealQTimeTag(CS22889_ANM_MVAR,S22889_ANM_MVAR,1,OdataApi)
CN23P0112_SDL05;N23P0112_SDL05;EAST_MIDLANDS;1;1;Data_StateQTimeTag;global;;;ICCPtoOData_Data_StateQTimeTag(CN23P0112_SDL05,N23P0112_SDL05,1,OdataApi)
CALIAS_2258344_E;ALIAS_2258344_E;EAST_MIDLANDS;1;8;Data_RealQTimeTag;global;;;ICCPtoOData_Data_RealQTimeTag(CALIAS_2258344_E,ALIAS_2258344_E,1,OdataApi)
CALIAS_212713_H;ALIAS_212713_H;EAST_MIDLANDS;1;7;Data_RealQTimeTag;global;;;ICCPtoOData_Data_RealQTimeTag(CALIAS_212713_H,ALIAS_212713_H,1,OdataApi)
CALIAS_449480_r;ALIAS_449480_r;EAST_MIDLANDS;1;3;Data_StateQTimeTag;global;;;ICCPtoOData_Data_StateQTimeTag(CALIAS_449480_r,ALIAS_449480_r,1,OdataApi)
CALIAS_6082121_a;ALIAS_6082121_a;EAST_MIDLANDS;1;3;Data_StateQTimeTag;global;;;ICCPtoOData_Data_StateQTimeTag(CALIAS_6082121_a,ALIAS_6082121_a,1,OdataApi)
CN44901_2085;N44901_2085;EAST_MIDLANDS;1;2;Data_StateQTimeTag;global;;;ICCPtoOData_Data_StateQTimeTag(CN44901_2085,N44901_2085,1,OdataApi)
CS23196_COMMS_FAIL;S23196_COMMS_FAIL;EAST_MIDLANDS;1;6;Data_StateQTimeTag;global;;;ICCPtoOData_Data_StateQTimeTag(CS23196_COMMS_FAIL,S23196_COMMS_FAIL,1,OdataApi)
CN23G1126_HB01;N23G1126_HB01;EAST_MIDLANDS;1;2;Data_StateQTimeTag;global;;;ICCPtoOData_Data_StateQTimeTag(CN23G1126_HB01,N23G1126_HB01,1,OdataApi)
CALIAS_2217335_E;ALIAS_2217335_E;EAST_MIDLANDS;1;2;Data_StateQTimeTag;global;;;ICCPtoOData_Data_StateQTimeTag(CALIAS_2217335_E,ALIAS_2217335_E,1,OdataApi)
CALIAS_163798_m;ALIAS_163798_m;EAST_MIDLANDS;1;3;Data_StateQTimeTag;global;;;ICCPtoOData_Data_StateQTimeTag(CALIAS_163798_m,ALIAS_163798_m,1,OdataApi)
CS22889_ANM_MVAR_EXP_SP;S22889_ANM_MVAR_EXP_SP;EAST_MIDLANDS;5;1;REAL;POWERON_ZIVWB;;;
CN23P0094_SDB002;N23P0094_SDB002;EAST_MIDLANDS;1;4;Data_StateQTimeTag;global;;;ICCPtoOData_Data_StateQTimeTag(CN23P0094_SDB002,N23P0094_SDB002,1,OdataApi)
CALIAS_48687_m;ALIAS_48687_m;EAST_MIDLANDS;1;9;Data_RealQTimeTag;global;;;ICCPtoOData_Data_RealQTimeTag(CALIAS_48687_m,ALIAS_48687_m,1,OdataApi)
CALIAS_2305927_O;ALIAS_2305927_O;EAST_MIDLANDS;1;2;Data_StateQTimeTag;global;;;ICCPtoOData_Data_StateQTimeTag(CALIAS_2305927_O,ALIAS_2305927_O,1,OdataApi)
CS23200_ANM_MW;S23200_ANM_MW;EAST_MIDLANDS;1;10;Data_RealQTimeTag;global;;;ICCPtoOData_Data_RealQTimeTag(CS23200_ANM_MW,S23200_ANM_MW,1,OdataApi)
CALIAS_2217351_E;ALIAS_2217351_E;EAST_MIDLANDS;1;1;Data_StateQTimeTag;global;;;ICCPtoOData_Data_StateQTimeTag(CALIAS_2217351_E,ALIAS_2217351_E,1,OdataApi)
CN23G0126_ANA2;N23G0126_ANA2;EAST_MIDLANDS;1;10;Data_RealQTimeTag;global;;;ICCPtoOData_Data_RealQTimeTag(CN23G0126_ANA2,N23G0126_ANA2,1,OdataApi)
CS22930_ANM_MVAR_FAILSAFE_IMP_SP;S22930_ANM_MVAR_FAILSAFE_IMP_SP;EAST_MIDLANDS;5;1;REAL;POWERON_ZIVWB;;;
CN890044_HB1S0_WBUR;N890044_HB1S0;EAST_MIDLANDS;1;2;Data_StateQTimeTag;global;;;ICCPtoTWOOData_Data_StateQTimeTag(CN890044_HB1S0_WBUR,N890044_HB1S0_WBUR,N890044_HB1S0_STAY,1,OdataApi)
CS22907_ANM_MW_IMP_SP;S22907_ANM_MW_IMP_SP;EAST_MIDLANDS;5;1;REAL;POWERON_ZIVWB;;;
CN51G3006_HB03;N51G3006_HB03;EAST_MIDLANDS;1;5;Data_StateQTimeTag;global;;;ICCPtoOData_Data_StateQTimeTag(CN51G3006_HB03,N51G3006_HB03,1,OdataApi)
CN907046_03ANR;N907046_03ANR;EAST_MIDLANDS;1;7;Data_RealQTimeTag;global;;;ICCPtoOData_Data_RealQTimeTag(CN907046_03ANR,N907046_03ANR,1,OdataApi)
CN00G0038_CB210;N00G0038_CB210;EAST_MIDLANDS;1;4;Data_StateQTimeTag;global;;;ICCPtoOData_Data_StateQTimeTag(CN00G0038_CB210,N00G0038_CB210,1,OdataApi)
CN23P0090_CB12_33;N23P0090_CB12_33;EAST_MIDLANDS;1;3;Data_StateQTimeTag;global;;;ICCPtoOData_Data_StateQTimeTag(CN23P0090_CB12_33,N23P0090_CB12_33,1,OdataApi)
CS22930_AUTOMATION_EN;S22930_AUTOMATION_EN;EAST_MIDLANDS;1;6;Data_StateQTimeTag;global;;;ICCPtoOData_Data_StateQTimeTag(CS22930_AUTOMATION_EN,S22930_AUTOMATION_EN,1,OdataApi)
CN23P0094_7719;N23P0094_7719;EAST_MIDLANDS;1;9;Data_RealQTimeTag;global;;;ICCPtoOData_Data_RealQTimeTag(CN23P0094_7719,N23P0094_7719,1,OdataApi)
CALIAS_37322_m;ALIAS_37322_m;EAST_MIDLANDS;1;9;Data_RealQTimeTag;global;;;ICCPtoOData_Data_RealQTimeTag(CALIAS_37322_m,ALIAS_37322_m,1,OdataApi)
CN23P0094_7715;N23P0094_7715;EAST_MIDLANDS;1;9;Data_RealQTimeTag;global;;;ICCPtoOData_Data_RealQTimeTag(CN23P0094_7715,N23P0094_7715,1,OdataApi)
CN00G0038_IS284;N00G0038_IS284;EAST_MIDLANDS;1;4;Data_StateQTimeTag;global;;;ICCPtoOData_Data_StateQTimeTag(CN00G0038_IS284,N00G0038_IS284,1,OdataApi)
CN890044_BB3ANV;N890044_BB3ANV;EAST_MIDLANDS;1;8;Data_RealQTimeTag;global;;;ICCPtoOData_Data_RealQTimeTag(CN890044_BB3ANV,N890044_BB3ANV,1,OdataApi)
CS23202_ANM_MW_EXP_SP;S23202_ANM_MW_EXP_SP;EAST_MIDLANDS;5;1;REAL;POWERON_ZIVWB;;;
CS22877_LOCAL_MODE;S22877_LOCAL_MODE;EAST_MIDLANDS;1;6;Data_StateQTimeTag;global;;;ICCPtoOData_Data_StateQTimeTag(CS22877_LOCAL_MODE,S22877_LOCAL_MODE,1,OdataApi)
CN44901_2089;N44901_2089;EAST_MIDLANDS;1;2;Data_StateQTimeTag;global;;;ICCPtoOData_Data_StateQTimeTag(CN44901_2089,N44901_2089,1,OdataApi)
CALIAS_2057267_E;ALIAS_2057267_E;EAST_MIDLANDS;1;9;Data_RealQTimeTag;global;;;ICCPtoOData_Data_RealQTimeTag(CALIAS_2057267_E,ALIAS_2057267_E,1,OdataApi)
